Workbook

Sheet TARA Threat Table
A1: Threat Analysis and Risk Assessment (TARA) - AI-Based ACC System
A2: Baseline Threat Identification Model (ISO/SAE 21434 & STRIDE Alignment - Medini Analyze Benchmark)
A3: TOTAL THREATS | B3: TO BE ASSESSED (TRUE) | C3: OUT OF SCOPE (FALSE) | D3: COVERAGE RATIO
A4: =COUNTA(A8:A33) -> 26 | B4: =COUNTIF(D8:D33, "TRUE") -> 0 | C4: =COUNTIF(D8:D33, "FALSE") -> 0 | D4: =COUNTIF(D8:D33, "TRUE")/COUNTA(A8:A33) -> 0
A7: ID | B7: Name | C7: Assets | D7: To Be Assessed(True/False) | E7: Category
A8: THR_009 | B8: RF / Laser Blinding & Jamming of Perception Sensors | C8: Radar & LIDAR Availability | D8: TRUE | E8: Denial of Service
A9: THR_010 | B9: Frame Flooding / Buffer Exhaustion in Perception Processing | C9: Perception Module Component | D9: TRUE | E9: Denial of Service
A10: THR_016 | B10: Algorithmic Latency Injection / AI Processing Delay | C10: AI Controller Module (AI Out Signal) | D10: TRUE | E10: Denial of Service
A11: THR_022 | B11: Bus Flooding / DoS on Actuation Module Control Interface | C11: Actuation Module (AM Out Signal) | D11: TRUE | E11: Denial of Service
A12: THR_023 | B12: DoS Attack Disabling Physical Brake or AEB Triggering | C12: AEB & Brake Availability | D12: TRUE | E12: Denial of Service
A13: THR_026 | B13: Disruption / Interruption of Vehicle Dynamics Feedback Loop | C13: Vehicle Dynamics Observation Stream | D13: TRUE | E13: Denial of Service
A14: THR_017 | B14: Privilege Escalation / Jailbreak on AI Controller OS | C14: AI Controller Module Software Unit | D14: TRUE | E14: Elevation of Privilege
A15: THR_024 | B15: Diagnostic Session Hijacking / ECU Re-flashing on Actuators | C15: Actuation Module ECU Privileges | D15: TRUE | E15: Elevation of Privilege
A16: THR_007 | B16: Unauthorized Eavesdropping / Sniffing on Raw Camera Stream | C16: Camera Sensor Stream | D16: FALSE | E16: Information Disclosure
A17: THR_008 | B17: Unauthorized Extraction of V2X Telemetry Logs | C17: OBU Communication Stream | D17: FALSE | E17: Information Disclosure
A18: THR_015 | B18: AI Model Architecture Inversion / Intellectual Property Theft | C18: AI Controller Neural Network Weights | D18: FALSE | E18: Information Disclosure
... A33: THR_025 | B33: Tampering with Vehicle Dynamics Feedback Signal (Speed/Yaw) | C33: Continuous Vehicle Dynamics Feedback Data | D33: TRUE | E33: Tampering

Sheet STRIDE Category Summary
A1: STRIDE Category Distribution - Medini Analyze Baseline
A2: Use this table to compare category counts with the AI Engine TARA output
A5: STRIDE Category | B5: Total Identified | C5: To Be Assessed (True) | D5: Out of Scope (False) | E5: % of Total Threats
A6: Spoofing | B6: =COUNTIF('TARA Threat Table'!E$8:E$33, "Spoofing") -> 6 | C6: =COUNTIFS('TARA Threat Table'!E$8:E$33, "Spoofing", 'TARA Threat Table'!D$8:D$33, "TRUE") -> 0 | D6: =COUNTIFS('TARA Threat Table'!E$8:E$33, "Spoofing", 'TARA Threat Table'!D$8:D$33, "FALSE") -> 0 | E6: =B6/SUM(B$6:B$11) -> 0.23076923
A7: Tampering | B7: =COUNTIF('TARA Threat Table'!E$8:E$33, "Tampering") -> 8 | C7: =COUNTIFS('TARA Threat Table'!E$8:E$33, "Tampering", 'TARA Threat Table'!D$8:D$33, "TRUE") -> 0 | D7: =COUNTIFS('TARA Threat Table'!E$8:E$33, "Tampering", 'TARA Threat Table'!D$8:D$33, "FALSE") -> 0 | E7: =B7/SUM(B$6:B$11) -> 0.30769231
A8: Repudiation | B8: =COUNTIF('TARA Threat Table'!E$8:E$33, "Repudiation") -> 1 | C8: =COUNTIFS('TARA Threat Table'!E$8:E$33, "Repudiation", 'TARA Threat Table'!D$8:D$33, "TRUE") -> 0 | D8: =COUNTIFS('TARA Threat Table'!E$8:E$33, "Repudiation", 'TARA Threat Table'!D$8:D$33, "FALSE") -> 0 | E8: =B8/SUM(B$6:B$11) -> 0.038461538
A9: Information Disclosure | B9: =COUNTIF('TARA Threat Table'!E$8:E$33, "Information Disclosure") -> 3 | C9: =COUNTIFS('TARA Threat Table'!E$8:E$33, "Information Disclosure", 'TARA Threat Table'!D$8:D$33, "TRUE") -> 0 | D9: =COUNTIFS('TARA Threat Table'!E$8:E$33, "Information Disclosure", 'TARA Threat Table'!D$8:D$33, "FALSE") -> 0 | E9: =B9/SUM(B$6:B$11) -> 0.11538462
A10: Denial of Service | B10: =COUNTIF('TARA Threat Table'!E$8:E$33, "Denial of Service") -> 6 | C10: =COUNTIFS('TARA Threat Table'!E$8:E$33, "Denial of Service", 'TARA Threat Table'!D$8:D$33, "TRUE") -> 0 | D10: =COUNTIFS('TARA Threat Table'!E$8:E$33, "Denial of Service", 'TARA Threat Table'!D$8:D$33, "FALSE") -> 0 | E10: =B10/SUM(B$6:B$11) -> 0.23076923
A11: Elevation of Privilege | B11: =COUNTIF('TARA Threat Table'!E$8:E$33, "Elevation of Privilege") -> 2 | C11: =COUNTIFS('TARA Threat Table'!E$8:E$33, "Elevation of Privilege", 'TARA Threat Table'!D$8:D$33, "TRUE") -> 0 | D11: =COUNTIFS('TARA Threat Table'!E$8:E$33, "Elevation of Privilege", 'TARA Threat Table'!D$8:D$33, "FALSE") -> 0 | E11: =B11/SUM(B$6:B$11) -> 0.076923077
A12: TOTAL | B12: =SUM(B6:B11) -> 26 | C12: =SUM(C6:C11) -> 0 | D12: =SUM(D6:D11) -> 0 | E12: =SUM(E6:E11) -> 1
