Workbook

Sheet TARA
A1: ID | B1: Name | C1: Assets | D1: To Be Assessed | E1: Category
A2: TS-001 | B2: Spoofing of AI Controller Module | C2: AI Controller Module | D2: =TRUE() -> TRUE | E2: Spoofing
A3: TS-002 | B3: Tampering with AI Controller Module | C3: AI Controller Module | D3: =TRUE() -> TRUE | E3: Tampering
A4: TS-003 | B4: Repudiation of AI Controller Module actions | C4: AI Controller Module | D4: =TRUE() -> TRUE | E4: Repudiation
A5: TS-004 | B5: Information disclosure from AI Controller Module | C5: AI Controller Module | D5: =TRUE() -> TRUE | E5: Information Disclosure
A6: TS-005 | B6: Denial of service of AI Controller Module | C6: AI Controller Module | D6: =TRUE() -> TRUE | E6: Denial of Service
A7: TS-006 | B7: Elevation of privilege on AI Controller Module | C7: AI Controller Module | D7: =TRUE() -> TRUE | E7: Elevation of Privilege
A8: TS-007 | B8: Spoofing of Perception Module | C8: Perception Module | D8: =TRUE() -> TRUE | E8: Spoofing
A9: TS-008 | B9: Tampering with Perception Module | C9: Perception Module | D9: =TRUE() -> TRUE | E9: Tampering
A10: TS-009 | B10: Repudiation of Perception Module actions | C10: Perception Module | D10: =FALSE() -> FALSE | E10: Repudiation
A11: TS-010 | B11: Information disclosure from Perception Module | C11: Perception Module | D11: =TRUE() -> TRUE | E11: Information Disclosure
A12: TS-011 | B12: Denial of service of Perception Module | C12: Perception Module | D12: =TRUE() -> TRUE | E12: Denial of Service
A13: TS-012 | B13: Elevation of privilege on Perception Module | C13: Perception Module | D13: =TRUE() -> TRUE | E13: Elevation of Privilege
A14: TS-013 | B14: Spoofing of Camera | C14: Camera | D14: =TRUE() -> TRUE | E14: Spoofing
A15: TS-014 | B15: Tampering with Camera | C15: Camera | D15: =TRUE() -> TRUE | E15: Tampering
A16: TS-015 | B16: Repudiation of Camera actions | C16: Camera | D16: =FALSE() -> FALSE | E16: Repudiation
A17: TS-016 | B17: Information disclosure from Camera | C17: Camera | D17: =FALSE() -> FALSE | E17: Information Disclosure
A18: TS-017 | B18: Denial of service of Camera | C18: Camera | D18: =TRUE() -> TRUE | E18: Denial of Service
A19: TS-018 | B19: Elevation of privilege on Camera | C19: Camera | D19: =FALSE() -> FALSE | E19: Elevation of Privilege
A20: TS-019 | B20: Spoofing of Radar | C20: Radar | D20: =TRUE() -> TRUE | E20: Spoofing
A21: TS-020 | B21: Tampering with Radar | C21: Radar | D21: =TRUE() -> TRUE | E21: Tampering
A22: TS-021 | B22: Repudiation of Radar actions | C22: Radar | D22: =FALSE() -> FALSE | E22: Repudiation
A23: TS-022 | B23: Information disclosure from Radar | C23: Radar | D23: =FALSE() -> FALSE | E23: Information Disclosure
A24: TS-023 | B24: Denial of service of Radar | C24: Radar | D24: =TRUE() -> TRUE | E24: Denial of Service
A25: TS-024 | B25: Elevation of privilege on Radar | C25: Radar | D25: =FALSE() -> FALSE | E25: Elevation of Privilege
A26: TS-025 | B26: Spoofing of LIDAR | C26: LIDAR | D26: =TRUE() -> TRUE | E26: Spoofing
A27: TS-026 | B27: Tampering with LIDAR | C27: LIDAR | D27: =TRUE() -> TRUE | E27: Tampering
A28: TS-027 | B28: Repudiation of LIDAR actions | C28: LIDAR | D28: =FALSE() -> FALSE | E28: Repudiation
A29: TS-028 | B29: Information disclosure from LIDAR | C29: LIDAR | D29: =FALSE() -> FALSE | E29: Information Disclosure
A30: TS-029 | B30: Denial of service of LIDAR | C30: LIDAR | D30: =TRUE() -> TRUE | E30: Denial of Service
A31: TS-030 | B31: Elevation of privilege on LIDAR | C31: LIDAR | D31: =FALSE() -> FALSE | E31: Elevation of Privilege
A32: TS-031 | B32: Spoofing of OBU | C32: OBU | D32: =TRUE() -> TRUE | E32: Spoofing
A33: TS-032 | B33: Tampering with OBU | C33: OBU | D33: =TRUE() -> TRUE | E33: Tampering
A34: TS-033 | B34: Repudiation of OBU actions | C34: OBU | D34: =TRUE() -> TRUE | E34: Repudiation
A35: TS-034 | B35: Information disclosure from OBU | C35: OBU | D35: =TRUE() -> TRUE | E35: Information Disclosure
A36: TS-035 | B36: Denial of service of OBU | C36: OBU | D36: =TRUE() -> TRUE | E36: Denial of Service
A37: TS-036 | B37: Elevation of privilege on OBU | C37: OBU | D37: =TRUE() -> TRUE | E37: Elevation of Privilege
A38: TS-037 | B38: Spoofing of Actuation Module | C38: Actuation Module | D38: =TRUE() -> TRUE | E38: Spoofing
A39: TS-038 | B39: Tampering with Actuation Module | C39: Actuation Module | D39: =TRUE() -> TRUE | E39: Tampering
A40: TS-039 | B40: Repudiation of Actuation Module actions | C40: Actuation Module | D40: =FALSE() -> FALSE | E40: Repudiation
A41: TS-040 | B41: Information disclosure from Actuation Module | C41: Actuation Module | D41: =FALSE() -> FALSE | E41: Information Disclosure
A42: TS-041 | B42: Denial of service of Actuation Module | C42: Actuation Module | D42: =TRUE() -> TRUE | E42: Denial of Service
A43: TS-042 | B43: Elevation of privilege on Actuation Module | C43: Actuation Module | D43: =TRUE() -> TRUE | E43: Elevation of Privilege
A44: TS-043 | B44: Spoofing of Brake | C44: Brake | D44: =FALSE() -> FALSE | E44: Spoofing
A45: TS-044 | B45: Tampering with Brake | C45: Brake | D45: =TRUE() -> TRUE | E45: Tampering
A46: TS-045 | B46: Repudiation of Brake actions | C46: Brake | D46: =FALSE() -> FALSE | E46: Repudiation
A47: TS-046 | B47: Information disclosure from Brake | C47: Brake | D47: =FALSE() -> FALSE | E47: Information Disclosure
A48: TS-047 | B48: Denial of service of Brake | C48: Brake | D48: =TRUE() -> TRUE | E48: Denial of Service
A49: TS-048 | B49: Elevation of privilege on Brake | C49: Brake | D49: =FALSE() -> FALSE | E49: Elevation of Privilege
A50: TS-049 | B50: Spoofing of Throttle | C50: Throttle | D50: =FALSE() -> FALSE | E50: Spoofing
A51: TS-050 | B51: Tampering with Throttle | C51: Throttle | D51: =TRUE() -> TRUE | E51: Tampering
A52: TS-051 | B52: Repudiation of Throttle actions | C52: Throttle | D52: =FALSE() -> FALSE | E52: Repudiation
A53: TS-052 | B53: Information disclosure from Throttle | C53: Throttle | D53: =FALSE() -> FALSE | E53: Information Disclosure
A54: TS-053 | B54: Denial of service of Throttle | C54: Throttle | D54: =TRUE() -> TRUE | E54: Denial of Service
A55: TS-054 | B55: Elevation of privilege on Throttle | C55: Throttle | D55: =FALSE() -> FALSE | E55: Elevation of Privilege
A56: TS-055 | B56: Spoofing of AEB | C56: AEB | D56: =FALSE() -> FALSE | E56: Spoofing
A57: TS-056 | B57: Tampering with AEB | C57: AEB | D57: =TRUE() -> TRUE | E57: Tampering
A58: TS-057 | B58: Repudiation of AEB actions | C58: AEB | D58: =FALSE() -> FALSE | E58: Repudiation
A59: TS-058 | B59: Information disclosure from AEB | C59: AEB | D59: =FALSE() -> FALSE | E59: Information Disclosure
A60: TS-059 | B60: Denial of service of AEB | C60: AEB | D60: =TRUE() -> TRUE | E60: Denial of Service
A61: TS-060 | B61: Elevation of privilege on AEB | C61: AEB | D61: =FALSE() -> FALSE | E61: Elevation of Privilege
A62: TS-061 | B62: Spoofing of data flow C Out → PM In | C62: C Out → PM In (Camera → Perception Module) | D62: =FALSE() -> FALSE | E62: Spoofing
A63: TS-062 | B63: Tampering with data flow C Out → PM In | C63: C Out → PM In (Camera → Perception Module) | D63: =TRUE() -> TRUE | E63: Tampering
A64: TS-063 | B64: Repudiation of data flow C Out → PM In actions | C64: C Out → PM In (Camera → Perception Module) | D64: =FALSE() -> FALSE | E64: Repudiation
A65: TS-064 | B65: Information disclosure from data flow C Out → PM In | C65: C Out → PM In (Camera → Perception Module) | D65: =TRUE() -> TRUE | E65: Information Disclosure
A66: TS-065 | B66: Denial of service of data flow C Out → PM In | C66: C Out → PM In (Camera → Perception Module) | D66: =TRUE() -> TRUE | E66: Denial of Service
A67: TS-066 | B67: Elevation of privilege on data flow C Out → PM In | C67: C Out → PM In (Camera → Perception Module) | D67: =FALSE() -> FALSE | E67: Elevation of Privilege
A68: TS-067 | B68: Spoofing of data flow R Out → PM In | C68: R Out → PM In (Radar → Perception Module) | D68: =FALSE() -> FALSE | E68: Spoofing
A69: TS-068 | B69: Tampering with data flow R Out → PM In | C69: R Out → PM In (Radar → Perception Module) | D69: =TRUE() -> TRUE | E69: Tampering
A70: TS-069 | B70: Repudiation of data flow R Out → PM In actions | C70: R Out → PM In (Radar → Perception Module) | D70: =FALSE() -> FALSE | E70: Repudiation
A71: TS-070 | B71: Information disclosure from data flow R Out → PM In | C71: R Out → PM In (Radar → Perception Module) | D71: =FALSE() -> FALSE | E71: Information Disclosure
A72: TS-071 | B72: Denial of service of data flow R Out → PM In | C72: R Out → PM In (Radar → Perception Module) | D72: =TRUE() -> TRUE | E72: Denial of Service
A73: TS-072 | B73: Elevation of privilege on data flow R Out → PM In | C73: R Out → PM In (Radar → Perception Module) | D73: =FALSE() -> FALSE | E73: Elevation of Privilege
A74: TS-073 | B74: Spoofing of data flow L Out → PM In | C74: L Out → PM In (LIDAR → Perception Module) | D74: =FALSE() -> FALSE | E74: Spoofing
A75: TS-074 | B75: Tampering with data flow L Out → PM In | C75: L Out → PM In (LIDAR → Perception Module) | D75: =TRUE() -> TRUE | E75: Tampering
A76: TS-075 | B76: Repudiation of data flow L Out → PM In actions | C76: L Out → PM In (LIDAR → Perception Module) | D76: =FALSE() -> FALSE | E76: Repudiation
A77: TS-076 | B77: Information disclosure from data flow L Out → PM In | C77: L Out → PM In (LIDAR → Perception Module) | D77: =FALSE() -> FALSE | E77: Information Disclosure
A78: TS-077 | B78: Denial of service of data flow L Out → PM In | C78: L Out → PM In (LIDAR → Perception Module) | D78: =TRUE() -> TRUE | E78: Denial of Service
A79: TS-078 | B79: Elevation of privilege on data flow L Out → PM In | C79: L Out → PM In (LIDAR → Perception Module) | D79: =FALSE() -> FALSE | E79: Elevation of Privilege
A80: TS-079 | B80: Spoofing of data flow OBU Out → PM In | C80: OBU Out → PM In (OBU → Perception Module) | D80: =FALSE() -> FALSE | E80: Spoofing
A81: TS-080 | B81: Tampering with data flow OBU Out → PM In | C81: OBU Out → PM In (OBU → Perception Module) | D81: =TRUE() -> TRUE | E81: Tampering
A82: TS-081 | B82: Repudiation of data flow OBU Out → PM In actions | C82: OBU Out → PM In (OBU → Perception Module) | D82: =FALSE() -> FALSE | E82: Repudiation
A83: TS-082 | B83: Information disclosure from data flow OBU Out → PM In | C83: OBU Out → PM In (OBU → Perception Module) | D83: =TRUE() -> TRUE | E83: Information Disclosure
A84: TS-083 | B84: Denial of service of data flow OBU Out → PM In | C84: OBU Out → PM In (OBU → Perception Module) | D84: =TRUE() -> TRUE | E84: Denial of Service
A85: TS-084 | B85: Elevation of privilege on data flow OBU Out → PM In | C85: OBU Out → PM In (OBU → Perception Module) | D85: =FALSE() -> FALSE | E85: Elevation of Privilege
A86: TS-085 | B86: Spoofing of data flow PM Out → AI In | C86: PM Out → AI In (Perception Module → AI Controller Module) | D86: =FALSE() -> FALSE | E86: Spoofing
A87: TS-086 | B87: Tampering with data flow PM Out → AI In | C87: PM Out → AI In (Perception Module → AI Controller Module) | D87: =TRUE() -> TRUE | E87: Tampering
A88: TS-087 | B88: Repudiation of data flow PM Out → AI In actions | C88: PM Out → AI In (Perception Module → AI Controller Module) | D88: =FALSE() -> FALSE | E88: Repudiation
A89: TS-088 | B89: Information disclosure from data flow PM Out → AI In | C89: PM Out → AI In (Perception Module → AI Controller Module) | D89: =FALSE() -> FALSE | E89: Information Disclosure
A90: TS-089 | B90: Denial of service of data flow PM Out → AI In | C90: PM Out → AI In (Perception Module → AI Controller Module) | D90: =TRUE() -> TRUE | E90: Denial of Service
A91: TS-090 | B91: Elevation of privilege on data flow PM Out → AI In | C91: PM Out → AI In (Perception Module → AI Controller Module) | D91: =FALSE() -> FALSE | E91: Elevation of Privilege
A92: TS-091 | B92: Spoofing of data flow AI Out → AM In | C92: AI Out → AM In (AI Controller Module → Actuation Module) | D92: =FALSE() -> FALSE | E92: Spoofing
A93: TS-092 | B93: Tampering with data flow AI Out → AM In | C93: AI Out → AM In (AI Controller Module → Actuation Module) | D93: =TRUE() -> TRUE | E93: Tampering
A94: TS-093 | B94: Repudiation of data flow AI Out → AM In actions | C94: AI Out → AM In (AI Controller Module → Actuation Module) | D94: =FALSE() -> FALSE | E94: Repudiation
A95: TS-094 | B95: Information disclosure from data flow AI Out → AM In | C95: AI Out → AM In (AI Controller Module → Actuation Module) | D95: =FALSE() -> FALSE | E95: Information Disclosure
A96: TS-095 | B96: Denial of service of data flow AI Out → AM In | C96: AI Out → AM In (AI Controller Module → Actuation Module) | D96: =TRUE() -> TRUE | E96: Denial of Service
A97: TS-096 | B97: Elevation of privilege on data flow AI Out → AM In | C97: AI Out → AM In (AI Controller Module → Actuation Module) | D97: =FALSE() -> FALSE | E97: Elevation of Privilege
A98: TS-097 | B98: Spoofing of data flow AM Out → B In | C98: AM Out → B In (Actuation Module → Brake) | D98: =FALSE() -> FALSE | E98: Spoofing
A99: TS-098 | B99: Tampering with data flow AM Out → B In | C99: AM Out → B In (Actuation Module → Brake) | D99: =TRUE() -> TRUE | E99: Tampering
A100: TS-099 | B100: Repudiation of data flow AM Out → B In actions | C100: AM Out → B In (Actuation Module → Brake) | D100: =FALSE() -> FALSE | E100: Repudiation
...

Sheet Rationale
A1: ID | B1: Assets | C1: Element Type | D1: Category | E1: Security Property | F1: To Be Assessed | G1: Rationale
A2: TS-001 | B2: AI Controller Module | C2: Software Unit (Upper Level: Data Acquisition & Preprocessing + AI Decision Engine) | D2: Spoofing | E2: Authenticity | F2: =TRUE() -> TRUE | G2: An attacker node impersonates the AI Controller and sends forged speed/distance commands to the Actuation Module.
A3: TS-002 | B3: AI Controller Module | C3: Software Unit (Upper Level: Data Acquisition & Preprocessing + AI Decision Engine) | D3: Tampering | E3: Integrity | F3: =TRUE() -> TRUE | G3: Manipulation of the AI model (weights, poisoned training or update data) or of ACC parameters such as set speed and time gap, leading to unsafe decisions.
A4: TS-003 | B4: AI Controller Module | C4: Software Unit (Upper Level: Data Acquisition & Preprocessing + AI Decision Engine) | D4: Repudiation | E4: Non-repudiation | F4: =TRUE() -> TRUE | G4: Without secured logging of AI decisions and model updates, unsafe acceleration/braking or a malicious model update cannot be attributed or reconstructed after an incident.
A5: TS-004 | B5: AI Controller Module | C5: Software Unit (Upper Level: Data Acquisition & Preprocessing + AI Decision Engine) | D5: Information Disclosure | E5: Confidentiality | F5: =TRUE() -> TRUE | G5: Extraction of the AI model (model stealing or inversion) or of logged driving data through debug, diagnostic or update interfaces.
A6: TS-005 | B6: AI Controller Module | C6: Software Unit (Upper Level: Data Acquisition & Preprocessing + AI Decision Engine) | D6: Denial of Service | E6: Availability | F6: =TRUE() -> TRUE | G6: Resource exhaustion (inputs crafted to maximize inference latency, message flooding) delays or stops ACC decisions.
A7: TS-006 | B7: AI Controller Module | C7: Software Unit (Upper Level: Data Acquisition & Preprocessing + AI Decision Engine) | D7: Elevation of Privilege | E7: Authorization | F7: =TRUE() -> TRUE | G7: Exploiting a software vulnerability gives the attacker elevated rights (e.g., diagnostic or update functions) and full control over longitudinal decisions.
A8: TS-007 | B8: Perception Module | C8: Component (Lower Level) | D8: Spoofing | E8: Authenticity | F8: =TRUE() -> TRUE | G8: An attacker impersonates the Perception Module and feeds a fabricated environment model (fake or missing vehicles) to the AI Controller.
A9: TS-008 | B9: Perception Module | C9: Component (Lower Level) | D9: Tampering | E9: Integrity | F9: =TRUE() -> TRUE | G9: Modification of sensor fusion software, calibration or object tracking parameters causes wrong distance and relative speed estimates.
A10: TS-009 | B10: Perception Module | C10: Component (Lower Level) | D10: Repudiation | E10: Non-repudiation | F10: =FALSE() -> FALSE | G10: The module performs no user-initiated or accountable actions; traceability of decisions is assessed at the AI Controller Module.
A11: TS-010 | B11: Perception Module | C11: Component (Lower Level) | D11: Information Disclosure | E11: Confidentiality | F11: =TRUE() -> TRUE | G11: Access to fused sensor data (including camera-derived personal data) or reverse engineering of proprietary fusion algorithms.
A12: TS-011 | B12: Perception Module | C12: Component (Lower Level) | D12: Denial of Service | E12: Availability | F12: =TRUE() -> TRUE | G12: Overload or crash of the module (e.g., flooding its inputs) removes the environment model the ACC depends on.
A13: TS-012 | B13: Perception Module | C13: Component (Lower Level) | D13: Elevation of Privilege | E13: Authorization | F13: =TRUE() -> TRUE | G13: Exploiting a vulnerability in the perception software grants code execution and control over every object reported upstream.
A14: TS-013 | B14: Camera | C14: Sensor | D14: Spoofing | E14: Authenticity | F14: =TRUE() -> TRUE | G14: Adversarial or projected images (phantom vehicles, manipulated road markings) make the camera report non-existent or wrong objects.
A15: TS-014 | B15: Camera | C15: Sensor | D15: Tampering | E15: Integrity | F15: =TRUE() -> TRUE | G15: Physical tampering (misalignment, lens obstruction, recalibration) or firmware modification of the camera unit.
A16: TS-015 | B16: Camera | C16: Sensor | D16: Repudiation | E16: Non-repudiation | F16: =FALSE() -> FALSE | G16: A sensor performs no accountable actions and has no user identity; repudiation does not apply.
A17: TS-016 | B17: Camera | C17: Sensor | D17: Information Disclosure | E17: Confidentiality | F17: =FALSE() -> FALSE | G17: The camera does not store confidential data; disclosure of the image stream is assessed on data flow C Out → PM In.
A18: TS-017 | B18: Camera | C18: Sensor | D18: Denial of Service | E18: Availability | F18: =TRUE() -> TRUE | G18: Blinding with strong light or lasers, covering the lens or cutting power makes the camera unavailable.
A19: TS-018 | B19: Camera | C19: Sensor | D19: Elevation of Privilege | E19: Authorization | F19: =FALSE() -> FALSE | G19: Modeled as a sensor without a privileged software environment; there are no privilege levels to escalate.
A20: TS-019 | B20: Radar | C20: Sensor | D20: Spoofing | E20: Authenticity | F20: =TRUE() -> TRUE | G20: Radar spoofing or replay creates ghost targets or shifts the measured distance and relative speed of the lead vehicle.
A21: TS-020 | B21: Radar | C21: Sensor | D21: Tampering | E21: Integrity | F21: =TRUE() -> TRUE | G21: Physical misalignment or firmware/calibration manipulation distorts range and velocity measurements.
A22: TS-021 | B22: Radar | C22: Sensor | D22: Repudiation | E22: Non-repudiation | F22: =FALSE() -> FALSE | G22: A sensor performs no accountable actions and has no user identity; repudiation does not apply.
A23: TS-022 | B23: Radar | C23: Sensor | D23: Information Disclosure | E23: Confidentiality | F23: =FALSE() -> FALSE | G23: Radar returns contain no confidential or personal data.
A24: TS-023 | B24: Radar | C24: Sensor | D24: Denial of Service | E24: Availability | F24: =TRUE() -> TRUE | G24: Radar jamming or absorbing covers suppress detection of the lead vehicle.
A25: TS-024 | B25: Radar | C25: Sensor | D25: Elevation of Privilege | E25: Authorization | F25: =FALSE() -> FALSE | G25: Modeled as a sensor without a privileged software environment; there are no privilege levels to escalate.
A26: TS-025 | B26: LIDAR | C26: Sensor | D26: Spoofing | E26: Authenticity | F26: =TRUE() -> TRUE | G26: Injected laser pulses create fake points/objects or hide real obstacles.
A27: TS-026 | B27: LIDAR | C27: Sensor | D27: Tampering | E27: Integrity | F27: =TRUE() -> TRUE | G27: Physical tampering or manipulation of LIDAR firmware/calibration corrupts the point cloud.
A28: TS-027 | B28: LIDAR | C28: Sensor | D28: Repudiation | E28: Non-repudiation | F28: =FALSE() -> FALSE | G28: A sensor performs no accountable actions and has no user identity; repudiation does not apply.
A29: TS-028 | B29: LIDAR | C29: Sensor | D29: Information Disclosure | E29: Confidentiality | F29: =FALSE() -> FALSE | G29: Point clouds contain no confidential or personal data.
A30: TS-029 | B30: LIDAR | C30: Sensor | D30: Denial of Service | E30: Availability | F30: =TRUE() -> TRUE | G30: Saturating or blinding the receiver with laser light removes valid returns.
A31: TS-030 | B31: LIDAR | C31: Sensor | D31: Elevation of Privilege | E31: Authorization | F31: =FALSE() -> FALSE | G31: Modeled as a sensor without a privileged software environment; there are no privilege levels to escalate.
A32: TS-031 | B32: OBU | C32: Hardware Part (V2X On-Board Unit) | D32: Spoofing | E32: Authenticity | F32: =TRUE() -> TRUE | G32: Forged V2X messages (fake braking or position data from a non-existent vehicle, Sybil attack) or impersonation of the OBU with stolen credentials.
A33: TS-032 | B33: OBU | C33: Hardware Part (V2X On-Board Unit) | D33: Tampering | E33: Integrity | F33: =TRUE() -> TRUE | G33: Modification of OBU firmware or of received/transmitted V2X messages.
A34: TS-033 | B34: OBU | C34: Hardware Part (V2X On-Board Unit) | D34: Repudiation | E34: Non-repudiation | F34: =TRUE() -> TRUE | G34: A malicious V2X sender can deny having sent false messages if messages are not signed and logged; non-repudiation is needed for misbehavior reporting.
A35: TS-034 | B35: OBU | C35: Hardware Part (V2X On-Board Unit) | D35: Information Disclosure | E35: Confidentiality | F35: =TRUE() -> TRUE | G35: Extraction of V2X keys and certificates, or disclosure of vehicle identity and location history (privacy).
A36: TS-035 | B36: OBU | C36: Hardware Part (V2X On-Board Unit) | D36: Denial of Service | E36: Availability | F36: =TRUE() -> TRUE | G36: Radio jamming or flooding with V2X messages makes cooperative data unavailable.
A37: TS-036 | B37: OBU | C37: Hardware Part (V2X On-Board Unit) | D37: Elevation of Privilege | E37: Authorization | F37: =TRUE() -> TRUE | G37: The OBU is an external wireless entry point; a remotely exploitable vulnerability can give code execution and a pivot into the vehicle network.
A38: TS-037 | B38: Actuation Module | C38: Component (Lower Level) | D38: Spoofing | E38: Authenticity | F38: =TRUE() -> TRUE | G38: An attacker node impersonates the Actuation Module and sends forged commands directly to brake, throttle or AEB.
A39: TS-038 | B39: Actuation Module | C39: Component (Lower Level) | D39: Tampering | E39: Integrity | F39: =TRUE() -> TRUE | G39: Manipulation of actuation logic or limits (e.g., maximum deceleration or torque) so that decisions are applied incorrectly.
A40: TS-039 | B40: Actuation Module | C40: Component (Lower Level) | D40: Repudiation | E40: Non-repudiation | F40: =FALSE() -> FALSE | G40: The module executes commands from the AI Controller; accountability for those decisions is assessed at the AI Controller Module.
A41: TS-040 | B41: Actuation Module | C41: Component (Lower Level) | D41: Information Disclosure | E41: Confidentiality | F41: =FALSE() -> FALSE | G41: The module handles control commands with no confidentiality requirement.
A42: TS-041 | B42: Actuation Module | C42: Component (Lower Level) | D42: Denial of Service | E42: Availability | F42: =TRUE() -> TRUE | G42: Crash or overload of the module prevents braking and acceleration commands from being applied.
A43: TS-042 | B43: Actuation Module | C43: Component (Lower Level) | D43: Elevation of Privilege | E43: Authorization | F43: =TRUE() -> TRUE | G43: Exploiting the module's software gives direct control over brake and throttle, bypassing the AI Controller's decisions.
A44: TS-043 | B44: Brake | C44: Actuator | D44: Spoofing | E44: Authenticity | F44: =FALSE() -> FALSE | G44: The brake only receives commands (B In) and sends no data in this model; spoofed brake commands are assessed under spoofing of the Actuation Module.
A45: TS-044 | B45: Brake | C45: Actuator | D45: Tampering | E45: Integrity | F45: =TRUE() -> TRUE | G45: Physical or firmware tampering with the brake actuator changes the applied braking force.
A46: TS-045 | B46: Brake | C46: Actuator | D46: Repudiation | E46: Non-repudiation | F46: =FALSE() -> FALSE | G46: An actuator performs no accountable actions of its own; accountability for commands is covered at the AI Controller Module.
A47: TS-046 | B47: Brake | C47: Actuator | D47: Information Disclosure | E47: Confidentiality | F47: =FALSE() -> FALSE | G47: The actuator holds and receives no confidential or personal data.
A48: TS-047 | B48: Brake | C48: Actuator | D48: Denial of Service | E48: Availability | F48: =TRUE() -> TRUE | G48: Disabling or blocking the brake actuator prevents deceleration when the ACC requests it.
A49: TS-048 | B49: Brake | C49: Actuator | D49: Elevation of Privilege | E49: Authorization | F49: =FALSE() -> FALSE | G49: Modeled as an actuator/hardware part without a privileged software environment; there are no privilege levels to escalate.
A50: TS-049 | B50: Throttle | C50: Actuator | D50: Spoofing | E50: Authenticity | F50: =FALSE() -> FALSE | G50: The throttle only receives commands (T In) and sends no data in this model; spoofed throttle commands are assessed under spoofing of the Actuation Module.
A51: TS-050 | B51: Throttle | C51: Actuator | D51: Tampering | E51: Integrity | F51: =TRUE() -> TRUE | G51: Physical or firmware tampering with the throttle actuator changes the applied engine torque (e.g., unintended acceleration).
A52: TS-051 | B52: Throttle | C52: Actuator | D52: Repudiation | E52: Non-repudiation | F52: =FALSE() -> FALSE | G52: An actuator performs no accountable actions of its own; accountability for commands is covered at the AI Controller Module.
A53: TS-052 | B53: Throttle | C53: Actuator | D53: Information Disclosure | E53: Confidentiality | F53: =FALSE() -> FALSE | G53: The actuator holds and receives no confidential or personal data.
A54: TS-053 | B54: Throttle | C54: Actuator | D54: Denial of Service | E54: Availability | F54: =TRUE() -> TRUE | G54: Disabling the throttle actuator prevents the ACC from controlling vehicle speed.
A55: TS-054 | B55: Throttle | C55: Actuator | D55: Elevation of Privilege | E55: Authorization | F55: =FALSE() -> FALSE | G55: Modeled as an actuator/hardware part without a privileged software environment; there are no privilege levels to escalate.
A56: TS-055 | B56: AEB | C56: Hardware Part (Autonomous Emergency Braking) | D56: Spoofing | E56: Authenticity | F56: =FALSE() -> FALSE | G56: The AEB only receives activation input (AEB In) and sends no data in this model; spoofed activation commands are assessed under spoofing of the Actuation Module.
A57: TS-056 | B57: AEB | C57: Hardware Part (Autonomous Emergency Braking) | D57: Tampering | E57: Integrity | F57: =TRUE() -> TRUE | G57: Tampering with AEB hardware or firmware can suppress needed emergency braking or trigger phantom braking.
A58: TS-057 | B58: AEB | C58: Hardware Part (Autonomous Emergency Braking) | D58: Repudiation | E58: Non-repudiation | F58: =FALSE() -> FALSE | G58: An actuator performs no accountable actions of its own; accountability for commands is covered at the AI Controller Module.
A59: TS-058 | B59: AEB | C59: Hardware Part (Autonomous Emergency Braking) | D59: Information Disclosure | E59: Confidentiality | F59: =FALSE() -> FALSE | G59: The actuator holds and receives no confidential or personal data.
A60: TS-059 | B60: AEB | C60: Hardware Part (Autonomous Emergency Braking) | D60: Denial of Service | E60: Availability | F60: =TRUE() -> TRUE | G60: Disabling the AEB removes the last safety barrier against a collision.
A61: TS-060 | B61: AEB | C61: Hardware Part (Autonomous Emergency Braking) | D61: Elevation of Privilege | E61: Authorization | F61: =FALSE() -> FALSE | G61: Modeled as an actuator/hardware part without a privileged software environment; there are no privilege levels to escalate.
A62: TS-061 | B62: C Out → PM In (Camera → Perception Module) | C62: Data Flow (Connector) | D62: Spoofing | E62: Authenticity | F62: =FALSE() -> FALSE | G62: Per STRIDE-per-element, spoofing is assessed on the sending element (Camera), not on the data flow itself.
A63: TS-062 | B63: C Out → PM In (Camera → Perception Module) | C63: Data Flow (Connector) | D63: Tampering | E63: Integrity | F63: =TRUE() -> TRUE | G63: Manipulating the image stream on the link (frame injection, man-in-the-middle device) feeds false images to perception.
A64: TS-063 | B64: C Out → PM In (Camera → Perception Module) | C64: Data Flow (Connector) | D64: Repudiation | E64: Non-repudiation | F64: =FALSE() -> FALSE | G64: A data flow performs no actions; repudiation does not apply.
A65: TS-064 | B65: C Out → PM In (Camera → Perception Module) | C65: Data Flow (Connector) | D65: Information Disclosure | E65: Confidentiality | F65: =TRUE() -> TRUE | G65: The image stream contains personal data (faces, license plates, locations) that can be captured by eavesdropping on the link.
A66: TS-065 | B66: C Out → PM In (Camera → Perception Module) | C66: Data Flow (Connector) | D66: Denial of Service | E66: Availability | F66: =TRUE() -> TRUE | G66: Interrupting or flooding the camera link removes camera input to perception.
A67: TS-066 | B67: C Out → PM In (Camera → Perception Module) | C67: Data Flow (Connector) | D67: Elevation of Privilege | E67: Authorization | F67: =FALSE() -> FALSE | G67: A data flow has no privileges; elevation of privilege does not apply.
A68: TS-067 | B68: R Out → PM In (Radar → Perception Module) | C68: Data Flow (Connector) | D68: Spoofing | E68: Authenticity | F68: =FALSE() -> FALSE | G68: Per STRIDE-per-element, spoofing is assessed on the sending element (Radar), not on the data flow itself.
A69: TS-068 | B69: R Out → PM In (Radar → Perception Module) | C69: Data Flow (Connector) | D69: Tampering | E69: Integrity | F69: =TRUE() -> TRUE | G69: Modifying radar target data in transit changes the reported distance or relative speed of the lead vehicle.
A70: TS-069 | B70: R Out → PM In (Radar → Perception Module) | C70: Data Flow (Connector) | D70: Repudiation | E70: Non-repudiation | F70: =FALSE() -> FALSE | G70: A data flow performs no actions; repudiation does not apply.
A71: TS-070 | B71: R Out → PM In (Radar → Perception Module) | C71: Data Flow (Connector) | D71: Information Disclosure | E71: Confidentiality | F71: =FALSE() -> FALSE | G71: Radar target data contains no confidential or personal data.
A72: TS-071 | B72: R Out → PM In (Radar → Perception Module) | C72: Data Flow (Connector) | D72: Denial of Service | E72: Availability | F72: =TRUE() -> TRUE | G72: Interrupting or flooding the radar link removes radar input to perception.
A73: TS-072 | B73: R Out → PM In (Radar → Perception Module) | C73: Data Flow (Connector) | D73: Elevation of Privilege | E73: Authorization | F73: =FALSE() -> FALSE | G73: A data flow has no privileges; elevation of privilege does not apply.
A74: TS-073 | B74: L Out → PM In (LIDAR → Perception Module) | C74: Data Flow (Connector) | D74: Spoofing | E74: Authenticity | F74: =FALSE() -> FALSE | G74: Per STRIDE-per-element, spoofing is assessed on the sending element (LIDAR), not on the data flow itself.
A75: TS-074 | B75: L Out → PM In (LIDAR → Perception Module) | C75: Data Flow (Connector) | D75: Tampering | E75: Integrity | F75: =TRUE() -> TRUE | G75: Modifying point cloud data in transit adds or removes obstacles.
A76: TS-075 | B76: L Out → PM In (LIDAR → Perception Module) | C76: Data Flow (Connector) | D76: Repudiation | E76: Non-repudiation | F76: =FALSE() -> FALSE | G76: A data flow performs no actions; repudiation does not apply.
A77: TS-076 | B77: L Out → PM In (LIDAR → Perception Module) | C77: Data Flow (Connector) | D77: Information Disclosure | E77: Confidentiality | F77: =FALSE() -> FALSE | G77: Point cloud data contains no confidential or personal data.
A78: TS-077 | B78: L Out → PM In (LIDAR → Perception Module) | C78: Data Flow (Connector) | D78: Denial of Service | E78: Availability | F78: =TRUE() -> TRUE | G78: Interrupting or flooding the LIDAR link removes LIDAR input to perception.
A79: TS-078 | B79: L Out → PM In (LIDAR → Perception Module) | C79: Data Flow (Connector) | D79: Elevation of Privilege | E79: Authorization | F79: =FALSE() -> FALSE | G79: A data flow has no privileges; elevation of privilege does not apply.
A80: TS-079 | B80: OBU Out → PM In (OBU → Perception Module) | C80: Data Flow (Connector) | D80: Spoofing | E80: Authenticity | F80: =FALSE() -> FALSE | G80: Per STRIDE-per-element, spoofing is assessed on the sending element (OBU), not on the data flow itself.
A81: TS-080 | B81: OBU Out → PM In (OBU → Perception Module) | C81: Data Flow (Connector) | D81: Tampering | E81: Integrity | F81: =TRUE() -> TRUE | G81: Modifying V2X-derived data between OBU and perception (altered position or speed of other vehicles).
A82: TS-081 | B82: OBU Out → PM In (OBU → Perception Module) | C82: Data Flow (Connector) | D82: Repudiation | E82: Non-repudiation | F82: =FALSE() -> FALSE | G82: A data flow performs no actions; repudiation does not apply.
A83: TS-082 | B83: OBU Out → PM In (OBU → Perception Module) | C83: Data Flow (Connector) | D83: Information Disclosure | E83: Confidentiality | F83: =TRUE() -> TRUE | G83: V2X data includes position, speed and identifiers of the ego and surrounding vehicles (privacy).
A84: TS-083 | B84: OBU Out → PM In (OBU → Perception Module) | C84: Data Flow (Connector) | D84: Denial of Service | E84: Availability | F84: =TRUE() -> TRUE | G84: Blocking or flooding the link removes cooperative V2X data.
A85: TS-084 | B85: OBU Out → PM In (OBU → Perception Module) | C85: Data Flow (Connector) | D85: Elevation of Privilege | E85: Authorization | F85: =FALSE() -> FALSE | G85: A data flow has no privileges; elevation of privilege does not apply.
A86: TS-085 | B86: PM Out → AI In (Perception Module → AI Controller Module) | C86: Data Flow (Connector) | D86: Spoofing | E86: Authenticity | F86: =FALSE() -> FALSE | G86: Per STRIDE-per-element, spoofing is assessed on the sending element (Perception Module), not on the data flow itself.
A87: TS-086 | B87: PM Out → AI In (Perception Module → AI Controller Module) | C87: Data Flow (Connector) | D87: Tampering | E87: Integrity | F87: =TRUE() -> TRUE | G87: Manipulating the environment model in transit (removing the lead vehicle, changing its distance) makes the AI accelerate or fail to brake.
A88: TS-087 | B88: PM Out → AI In (Perception Module → AI Controller Module) | C88: Data Flow (Connector) | D88: Repudiation | E88: Non-repudiation | F88: =FALSE() -> FALSE | G88: A data flow performs no actions; repudiation does not apply.
A89: TS-088 | B89: PM Out → AI In (Perception Module → AI Controller Module) | C89: Data Flow (Connector) | D89: Information Disclosure | E89: Confidentiality | F89: =FALSE() -> FALSE | G89: The environment model has no confidentiality requirement; camera personal data is assessed on C Out → PM In.
A90: TS-089 | B90: PM Out → AI In (Perception Module → AI Controller Module) | C90: Data Flow (Connector) | D90: Denial of Service | E90: Availability | F90: =TRUE() -> TRUE | G90: Flooding or interrupting the link starves the AI Controller of input.
A91: TS-090 | B91: PM Out → AI In (Perception Module → AI Controller Module) | C91: Data Flow (Connector) | D91: Elevation of Privilege | E91: Authorization | F91: =FALSE() -> FALSE | G91: A data flow has no privileges; elevation of privilege does not apply.
A92: TS-091 | B92: AI Out → AM In (AI Controller Module → Actuation Module) | C92: Data Flow (Connector) | D92: Spoofing | E92: Authenticity | F92: =FALSE() -> FALSE | G92: Per STRIDE-per-element, spoofing is assessed on the sending element (AI Controller Module), not on the data flow itself.
A93: TS-092 | B93: AI Out → AM In (AI Controller Module → Actuation Module) | C93: Data Flow (Connector) | D93: Tampering | E93: Integrity | F93: =TRUE() -> TRUE | G93: Modifying speed/acceleration requests in transit causes unintended acceleration or braking.
A94: TS-093 | B94: AI Out → AM In (AI Controller Module → Actuation Module) | C94: Data Flow (Connector) | D94: Repudiation | E94: Non-repudiation | F94: =FALSE() -> FALSE | G94: A data flow performs no actions; repudiation does not apply.
A95: TS-094 | B95: AI Out → AM In (AI Controller Module → Actuation Module) | C95: Data Flow (Connector) | D95: Information Disclosure | E95: Confidentiality | F95: =FALSE() -> FALSE | G95: Control commands have no confidentiality requirement.
A96: TS-095 | B96: AI Out → AM In (AI Controller Module → Actuation Module) | C96: Data Flow (Connector) | D96: Denial of Service | E96: Availability | F96: =TRUE() -> TRUE | G96: Blocking or delaying commands prevents ACC decisions from being applied.
A97: TS-096 | B97: AI Out → AM In (AI Controller Module → Actuation Module) | C97: Data Flow (Connector) | D97: Elevation of Privilege | E97: Authorization | F97: =FALSE() -> FALSE | G97: A data flow has no privileges; elevation of privilege does not apply.
A98: TS-097 | B98: AM Out → B In (Actuation Module → Brake) | C98: Data Flow (Connector) | D98: Spoofing | E98: Authenticity | F98: =FALSE() -> FALSE | G98: Per STRIDE-per-element, spoofing is assessed on the sending element (Actuation Module), not on the data flow itself.
A99: TS-098 | B99: AM Out → B In (Actuation Module → Brake) | C99: Data Flow (Connector) | D99: Tampering | E99: Integrity | F99: =TRUE() -> TRUE | G99: Altered brake commands cause unintended, excessive or missing braking.
A100: TS-099 | B100: AM Out → B In (Actuation Module → Brake) | C100: Data Flow (Connector) | D100: Repudiation | E100: Non-repudiation | F100: =FALSE() -> FALSE | G100: A data flow performs no actions; repudiation does not apply.
...

Sheet Summary
A1: Category | B1: Security Property | C1: To Be Assessed = TRUE | D1: To Be Assessed = FALSE | E1: Total
A2: Spoofing | B2: Authenticity | C2: =COUNTIFS(TARA!$E$2:$E$115,$A2,TARA!$D$2:$D$115,TRUE()) -> 7 | D2: =COUNTIFS(TARA!$E$2:$E$115,$A2,TARA!$D$2:$D$115,FALSE()) -> 12 | E2: =C2+D2 -> 19
A3: Tampering | B3: Integrity | C3: =COUNTIFS(TARA!$E$2:$E$115,$A3,TARA!$D$2:$D$115,TRUE()) -> 19 | D3: =COUNTIFS(TARA!$E$2:$E$115,$A3,TARA!$D$2:$D$115,FALSE()) -> 0 | E3: =C3+D3 -> 19
A4: Repudiation | B4: Non-repudiation | C4: =COUNTIFS(TARA!$E$2:$E$115,$A4,TARA!$D$2:$D$115,TRUE()) -> 2 | D4: =COUNTIFS(TARA!$E$2:$E$115,$A4,TARA!$D$2:$D$115,FALSE()) -> 17 | E4: =C4+D4 -> 19
A5: Information Disclosure | B5: Confidentiality | C5: =COUNTIFS(TARA!$E$2:$E$115,$A5,TARA!$D$2:$D$115,TRUE()) -> 5 | D5: =COUNTIFS(TARA!$E$2:$E$115,$A5,TARA!$D$2:$D$115,FALSE()) -> 14 | E5: =C5+D5 -> 19
A6: Denial of Service | B6: Availability | C6: =COUNTIFS(TARA!$E$2:$E$115,$A6,TARA!$D$2:$D$115,TRUE()) -> 19 | D6: =COUNTIFS(TARA!$E$2:$E$115,$A6,TARA!$D$2:$D$115,FALSE()) -> 0 | E6: =C6+D6 -> 19
A7: Elevation of Privilege | B7: Authorization | C7: =COUNTIFS(TARA!$E$2:$E$115,$A7,TARA!$D$2:$D$115,TRUE()) -> 4 | D7: =COUNTIFS(TARA!$E$2:$E$115,$A7,TARA!$D$2:$D$115,FALSE()) -> 15 | E7: =C7+D7 -> 19
A8: Total | C8: =SUM(C2:C7) -> 56 | D8: =SUM(D2:D7) -> 58 | E8: =SUM(E2:E7) -> 114
A10: Notes
A11: Method: STRIDE applied to every element and connector of the medini analyze architecture model (10 elements, 9 data flows, 6 categories each = 114 threat scenarios).
A12: STRIDE → security property mapping: Spoofing/Authenticity, Tampering/Integrity, Repudiation/Non-repudiation, Information Disclosure/Confidentiality, Denial of Service/Availability, Elevation of Privilege/Authorization.
A13: To Be Assessed = TRUE means the threat is relevant and goes on to risk assessment (impact and attack feasibility); FALSE means not applicable, with the reason on the Rationale sheet.
A14: Data flows follow STRIDE-per-element (Tampering, Information Disclosure, Denial of Service); spoofing on a flow is assessed on its sending element.
A15: Scope: only elements present in the medini model. The general architecture's direct Perception → Actuation path and the Continuous Vehicle Dynamics Monitoring Module loop are not modeled in medini and are excluded.
