Workbook

Sheet TARA
A1: ID | B1: Name | C1: Assets | D1: To Be Assessed | E1: Category
A2: TS-01 | B2: Spoofing of AI Controller Module (impersonation of the controller) | C2: AI Controller Module | D2: True | E2: Spoofing
A3: TS-02 | B3: Tampering with AI Controller Module (model or decision logic manipulation) | C3: AI Controller Module | D3: True | E3: Tampering
A4: TS-03 | B4: Repudiation of AI Controller decisions (no traceable decision log) | C4: AI Controller Module | D4: True | E4: Repudiation
A5: TS-04 | B5: Information Disclosure of AI Controller Module (model extraction) | C5: AI Controller Module | D5: True | E5: Information Disclosure
A6: TS-05 | B6: Denial of Service of AI Controller Module (resource exhaustion or crash) | C6: AI Controller Module | D6: True | E6: Denial of Service
A7: TS-06 | B7: Elevation of Privilege on AI Controller Module (privileged code execution) | C7: AI Controller Module | D7: True | E7: Elevation of Privilege
A8: TS-07 | B8: Spoofing of Perception Module (fake environment data source) | C8: Perception Module | D8: True | E8: Spoofing
A9: TS-08 | B9: Tampering with Perception Module (sensor fusion or calibration manipulation) | C9: Perception Module | D9: True | E9: Tampering
A10: TS-09 | B10: Repudiation of Perception Module actions | C10: Perception Module | D10: False | E10: Repudiation
A11: TS-10 | B11: Information Disclosure of Perception Module (leak of environment data) | C11: Perception Module | D11: False | E11: Information Disclosure
A12: TS-11 | B12: Denial of Service of Perception Module (overload or crash) | C12: Perception Module | D12: True | E12: Denial of Service
... A83: TS-82 | B83: Denial of Service of AEB command messages (flooding, bus-off, jamming, disconnection) | C83: Actuation Module → AEB (AM Out → AEB In) | D83: True | E83: Denial of Service

Sheet Threat Details
A1: ID | B1: Assets | C1: Element Type | D1: Category | E1: Security Property | F1: Threat Description | G1: Rationale for To Be Assessed
A2: TS-01 | B2: AI Controller Module | C2: Software Unit | D2: Spoofing | E2: Authenticity | F2: A malicious ECU or process on the in-vehicle network impersonates the AI Controller Module and sends its own acceleration and braking decisions to the Actuation Module. | G2: Gives the attacker direct influence on longitudinal vehicle motion; high safety impact.
A3: TS-02 | B3: AI Controller Module | C3: Software Unit | D3: Tampering | E3: Integrity | F3: Manipulation of the AI Decision Engine (model weights, backdoor through poisoned training data, malicious software or model update) or of the Data Acquisition & Preprocessing logic (filters, thresholds), so the controller outputs unsafe following distances or speeds. | G3: Corrupts every decision the ACC takes; high safety impact. Covers AI-specific threats (data poisoning, backdoors).
A4: TS-03 | B4: AI Controller Module | C4: Software Unit | D4: Repudiation | E4: Non-repudiation | F4: Decisions of the AI Decision Engine are not logged in a tamper-evident way, so an unsafe action (e.g., unexpected acceleration) cannot be traced, attributed or reconstructed after an incident. | G4: The AI Controller is the only decision-making element; traceability of AI decisions is needed for incident analysis, liability and forensics.
A5: TS-04 | B5: AI Controller Module | C5: Software Unit | D5: Information Disclosure | E5: Confidentiality | F5: The AI model or its parameters are extracted (debug interface, memory dump, firmware readout or query-based model stealing), together with any stored driving data. | G5: A stolen model lets an attacker design adversarial inputs offline, which enables the sensor spoofing threats; also financial (IP) impact.
A6: TS-05 | B6: AI Controller Module | C6: Software Unit | D6: Denial of Service | E6: Availability | F6: The controller is overloaded or crashed, e.g., by flooding AI In or by crafted inputs that cause excessive inference time, so no decision is produced within the control cycle. | G6: Loss of the ACC decision function while driving; safety and operational impact.
A7: TS-06 | B7: AI Controller Module | C7: Software Unit | D7: Elevation of Privilege | E7: Authorization | F7: A vulnerability (input parsing, unprotected debug or diagnostic access, insecure update mechanism) is exploited to gain privileged execution on the controller. | G7: Full control over ACC decision-making; highest-impact end state for an attacker.
A8: TS-07 | B8: Perception Module | C8: Component | D8: Spoofing | E8: Authenticity | F8: A malicious node impersonates the Perception Module and sends fabricated object lists (lead vehicle distance, relative speed) to the AI Controller Module. | G8: The AI Controller acts on false environment data; high safety impact.
A9: TS-08 | B9: Perception Module | C9: Component | D9: Tampering | E9: Integrity | F9: Modification of the sensor fusion software or its parameters (sensor offsets, fusion weights, object tracking thresholds), so the environment model sent to the AI Controller is wrong. | G9: Systematically wrong distance or speed of the lead vehicle; high safety impact.
A10: TS-09 | B10: Perception Module | C10: Component | D10: Repudiation | E10: Non-repudiation | F10: The Perception Module could deny having produced a given object list. | G10: The module only processes sensor data and takes no attributable decisions; decision traceability is covered at the AI Controller (TS-03). Not carried into risk assessment.
A11: TS-10 | B11: Perception Module | C11: Component | D11: Information Disclosure | E11: Confidentiality | F11: Fused environment data (detected objects, camera-derived information about other road users) is read out of the module. | G11: Limited privacy value in the ACC context and no effect on vehicle behavior. Reconsider if images or object data are stored.
A12: TS-11 | B12: Perception Module | C12: Component | D12: Denial of Service | E12: Availability | F12: The module is overloaded (e.g., by flooding PM In) or crashed, so no environment model reaches the AI Controller. | G12: ACC loses its view of the lead vehicle; safety and operational impact.
... A83: TS-82 | B83: Actuation Module → AEB (AM Out → AEB In) | C83: Connection | D83: Denial of Service | E83: Availability | F83: The link is disrupted by message flooding, bus-off attacks, jamming or physical disconnection, so emergency braking requests does not reach the receiver in time. AEB requests do not reach the AEB unit when a collision is imminent. | G83: Loss of the emergency safeguard; high safety impact.

Sheet Method
A1: TARA of AI-based ACC - AI engine pass (STRIDE)
A3: Scope | B3: Assets are the elements and connections of the medini analyze model: AI Controller Module (Software Unit), Perception Module and Actuation Module (Components), Camera, Radar and LIDAR (Sensors), OBU and AEB (Hardware Parts), Brake and Throttle (Actuators), and the 9 connections between their ports.
A4: Mapping to general architecture | B4: Upper level (Data Acquisition & Preprocessing Sub-Module, AI Decision Engine Sub-Module) = AI Controller Module. Lower level = Perception Sub-Module and Actuation Sub-Module with their sensors, hardware parts and actuators. Threats against the two upper-level sub-modules are described inside the AI Controller Module threats.
A5: Not in the medini model | B5: The general architecture also shows a direct Perception → Actuation link and the Continuous Vehicle Dynamics Monitoring Module feedback loop. Neither exists in the medini model, so both are left out to keep the asset set identical for the comparison.
A6: To Be Assessed rule | B6: True: a successful attack can plausibly cause safety, financial, operational or privacy damage relevant to the ACC function, or directly enables such an attack. False: the STRIDE category applies in principle, but the impact is negligible or the concern is covered by another threat (referenced by ID in Threat Details).
A8: STRIDE category → security property
A9: STRIDE Category | B9: Security Property
A10: Spoofing | B10: Authenticity
A11: Tampering | B11: Integrity
A12: Repudiation | B12: Non-repudiation
A13: Information Disclosure | B13: Confidentiality
A14: Denial of Service | B14: Availability
A15: Elevation of Privilege | B15: Authorization
A17: Categories applied per element type
A18: Element Type | B18: Categories
A19: Software Unit, Component, Hardware Part (OBU, AEB) | B19: S, T, R, I, D, E - processing elements that take or execute decisions and hold software
A20: Sensor (Camera, Radar, LIDAR) | B20: S, T, I, D - no attributable actions (R) and no privilege model (E)
A21: Actuator (Brake, Throttle) | B21: T, D - only receive commands; command spoofing is covered on the connections
A22: Connection | B22: S, T, I, D - data in transit; R and E apply to the endpoints
A24: Summary (calculated from the TARA sheet)
A25: Category | B25: Threats | C25: Assessed (True) | D25: Not assessed (False)
A26: Spoofing | B26: =COUNTIF(TARA!$E$2:$E$83,A26) -> 17 | C26: =COUNTIFS(TARA!$E$2:$E$83,A26,TARA!$D$2:$D$83,"True") -> 17 | D26: =COUNTIFS(TARA!$E$2:$E$83,A26,TARA!$D$2:$D$83,"False") -> 0
A27: Tampering | B27: =COUNTIF(TARA!$E$2:$E$83,A27) -> 19 | C27: =COUNTIFS(TARA!$E$2:$E$83,A27,TARA!$D$2:$D$83,"True") -> 19 | D27: =COUNTIFS(TARA!$E$2:$E$83,A27,TARA!$D$2:$D$83,"False") -> 0
A28: Repudiation | B28: =COUNTIF(TARA!$E$2:$E$83,A28) -> 5 | C28: =COUNTIFS(TARA!$E$2:$E$83,A28,TARA!$D$2:$D$83,"True") -> 2 | D28: =COUNTIFS(TARA!$E$2:$E$83,A28,TARA!$D$2:$D$83,"False") -> 3
A29: Information Disclosure | B29: =COUNTIF(TARA!$E$2:$E$83,A29) -> 17 | C29: =COUNTIFS(TARA!$E$2:$E$83,A29,TARA!$D$2:$D$83,"True") -> 2 | D29: =COUNTIFS(TARA!$E$2:$E$83,A29,TARA!$D$2:$D$83,"False") -> 15
A30: Denial of Service | B30: =COUNTIF(TARA!$E$2:$E$83,A30) -> 19 | C30: =COUNTIFS(TARA!$E$2:$E$83,A30,TARA!$D$2:$D$83,"True") -> 19 | D30: =COUNTIFS(TARA!$E$2:$E$83,A30,TARA!$D$2:$D$83,"False") -> 0
A31: Elevation of Privilege | B31: =COUNTIF(TARA!$E$2:$E$83,A31) -> 5 | C31: =COUNTIFS(TARA!$E$2:$E$83,A31,TARA!$D$2:$D$83,"True") -> 5 | D31: =COUNTIFS(TARA!$E$2:$E$83,A31,TARA!$D$2:$D$83,"False") -> 0
A32: Total | B32: =SUM(B26:B31) -> 82 | C32: =SUM(C26:C31) -> 64 | D32: =SUM(D26:D31) -> 18
