Workbook

Sheet Threat Scenarios
A1: ID | B1: Name | C1: Assets | D1: To Be Assessed | E1: Category
A2: TS-001 | B2: Spoofing of AI Controller Module: a rogue ECU impersonates the AI controller and issues forged speed and distance decisions | C2: AI Controller Module | D2: =TRUE() -> TRUE | E2: Spoofing
A3: TS-002 | B3: Tampering with AI Controller Module: the AI model weights, firmware or decision logic are modified, e.g. a poisoned or backdoored model delivered through an update | C3: AI Controller Module | D3: =TRUE() -> TRUE | E3: Tampering
A4: TS-003 | B4: Repudiation of AI Controller Module: an unsafe ACC decision cannot be traced back to its inputs or to its source | C4: AI Controller Module | D4: =TRUE() -> TRUE | E4: Repudiation
A5: TS-004 | B5: Information Disclosure from AI Controller Module: the AI model or its parameters are extracted | C5: AI Controller Module | D5: =TRUE() -> TRUE | E5: Information Disclosure
A6: TS-005 | B6: Denial of Service against AI Controller Module: resource exhaustion or a crash stops the controller from producing ACC decisions | C6: AI Controller Module | D6: =TRUE() -> TRUE | E6: Denial of Service
A7: TS-006 | B7: Elevation of Privilege on AI Controller Module: an attacker gains privileged code execution on the controller (e.g. insecure update or debug access) and takes over its outputs | C7: AI Controller Module | D7: =TRUE() -> TRUE | E7: Elevation of Privilege
A8: TS-007 | B8: Spoofing of Perception Module: a rogue node impersonates the Perception Module and feeds a fabricated environment model to the AI controller | C8: Perception Module | D8: =TRUE() -> TRUE | E8: Spoofing
A9: TS-008 | B9: Tampering with Perception Module: the sensor fusion software or its calibration data is modified so object distance or speed is misreported | C9: Perception Module | D9: =TRUE() -> TRUE | E9: Tampering
A10: TS-009 | B10: Repudiation of Perception Module | C10: Perception Module | D10: =FALSE() -> FALSE | E10: Repudiation
A11: TS-010 | B11: Information Disclosure from Perception Module: fused environment data, including camera imagery and vehicle position, is leaked | C11: Perception Module | D11: =TRUE() -> TRUE | E11: Information Disclosure
A12: TS-011 | B12: Denial of Service against Perception Module: the fusion pipeline is overloaded (e.g. flooded with sensor frames) and object output is delayed or stopped | C12: Perception Module | D12: =TRUE() -> TRUE | E12: Denial of Service
A13: TS-012 | B13: Elevation of Privilege on Perception Module: code execution on the Perception Module is used as a pivot toward the AI controller and the vehicle network | C13: Perception Module | D13: =TRUE() -> TRUE | E13: Elevation of Privilege
A14: TS-013 | B14: Spoofing of Camera: adversarial patches, projected images or screens create phantom vehicles or hide real ones | C14: Camera | D14: =TRUE() -> TRUE | E14: Spoofing
A15: TS-014 | B15: Tampering with Camera: the camera is misaligned, its lens obstructed or its firmware modified so the captured scene is altered | C15: Camera | D15: =TRUE() -> TRUE | E15: Tampering
A16: TS-015 | B16: Repudiation of Camera | C16: Camera | D16: =FALSE() -> FALSE | E16: Repudiation
A17: TS-016 | B17: Information Disclosure from Camera: camera imagery is exposed through a compromised camera or its debug access | C17: Camera | D17: =TRUE() -> TRUE | E17: Information Disclosure
A18: TS-017 | B18: Denial of Service against Camera: the camera is blinded with strong light or a laser, or covered, and visual perception is lost | C18: Camera | D18: =TRUE() -> TRUE | E18: Denial of Service
A19: TS-018 | B19: Elevation of Privilege on Camera | C19: Camera | D19: =FALSE() -> FALSE | E19: Elevation of Privilege
A20: TS-019 | B20: Spoofing of Radar: a radar signal generator injects ghost targets with false distance or relative speed | C20: Radar | D20: =TRUE() -> TRUE | E20: Spoofing
A21: TS-020 | B21: Tampering with Radar: the radar mounting is misaligned or its firmware changed so measurements are distorted | C21: Radar | D21: =TRUE() -> TRUE | E21: Tampering
A22: TS-021 | B22: Repudiation of Radar | C22: Radar | D22: =FALSE() -> FALSE | E22: Repudiation
A23: TS-022 | B23: Information Disclosure from Radar | C23: Radar | D23: =FALSE() -> FALSE | E23: Information Disclosure
A24: TS-023 | B24: Denial of Service against Radar: radar jamming or interference masks real targets | C24: Radar | D24: =TRUE() -> TRUE | E24: Denial of Service
A25: TS-024 | B25: Elevation of Privilege on Radar | C25: Radar | D25: =FALSE() -> FALSE | E25: Elevation of Privilege
A26: TS-025 | B26: Spoofing of LIDAR: injected laser pulses create spoofed points and fake obstacles | C26: LIDAR | D26: =TRUE() -> TRUE | E26: Spoofing
A27: TS-026 | B27: Tampering with LIDAR: the LIDAR calibration, mounting or firmware is changed so the point cloud is distorted | C27: LIDAR | D27: =TRUE() -> TRUE | E27: Tampering
A28: TS-027 | B28: Repudiation of LIDAR | C28: LIDAR | D28: =FALSE() -> FALSE | E28: Repudiation
A29: TS-028 | B29: Information Disclosure from LIDAR | C29: LIDAR | D29: =FALSE() -> FALSE | E29: Information Disclosure
A30: TS-029 | B30: Denial of Service against LIDAR: laser saturation or jamming removes valid returns | C30: LIDAR | D30: =TRUE() -> TRUE | E30: Denial of Service
A31: TS-030 | B31: Elevation of Privilege on LIDAR | C31: LIDAR | D31: =FALSE() -> FALSE | E31: Elevation of Privilege
A32: TS-031 | B32: Spoofing of OBU: forged V2X messages (fake vehicles, fake braking warnings) are accepted as genuine | C32: OBU | D32: =TRUE() -> TRUE | E32: Spoofing
A33: TS-032 | B33: Tampering with OBU: the OBU firmware or the V2X content it forwards is modified | C33: OBU | D33: =TRUE() -> TRUE | E33: Tampering
A34: TS-033 | B34: Repudiation of OBU: a sender denies having transmitted a V2X message because messages are not verifiably signed | C34: OBU | D34: =TRUE() -> TRUE | E34: Repudiation
A35: TS-034 | B35: Information Disclosure from OBU: vehicle position, trajectory or V2X credentials are leaked, enabling tracking | C35: OBU | D35: =TRUE() -> TRUE | E35: Information Disclosure
A36: TS-035 | B36: Denial of Service against OBU: RF jamming or message flooding blocks V2X reception | C36: OBU | D36: =TRUE() -> TRUE | E36: Denial of Service
A37: TS-036 | B37: Elevation of Privilege on OBU: remote code execution through the wireless interface gives a foothold in the vehicle network | C37: OBU | D37: =TRUE() -> TRUE | E37: Elevation of Privilege
A38: TS-037 | B38: Spoofing of Actuation Module: a rogue ECU impersonates the Actuation Module and issues brake and throttle commands | C38: Actuation Module | D38: =TRUE() -> TRUE | E38: Spoofing
A39: TS-038 | B39: Tampering with Actuation Module: the actuation logic, command limits or command translation is modified | C39: Actuation Module | D39: =TRUE() -> TRUE | E39: Tampering
A40: TS-039 | B40: Repudiation of Actuation Module | C40: Actuation Module | D40: =FALSE() -> FALSE | E40: Repudiation
A41: TS-040 | B41: Information Disclosure from Actuation Module | C41: Actuation Module | D41: =FALSE() -> FALSE | E41: Information Disclosure
A42: TS-041 | B42: Denial of Service against Actuation Module: a crash or overload prevents brake and throttle commands from being executed | C42: Actuation Module | D42: =TRUE() -> TRUE | E42: Denial of Service
A43: TS-042 | B43: Elevation of Privilege on Actuation Module: privileged access to the Actuation Module allows direct control of brake and throttle | C43: Actuation Module | D43: =TRUE() -> TRUE | E43: Elevation of Privilege
A44: TS-043 | B44: Spoofing of Brake | C44: Brake | D44: =FALSE() -> FALSE | E44: Spoofing
A45: TS-044 | B45: Tampering with Brake: physical or firmware tampering with the brake actuator changes the braking force applied | C45: Brake | D45: =TRUE() -> TRUE | E45: Tampering
A46: TS-045 | B46: Repudiation of Brake | C46: Brake | D46: =FALSE() -> FALSE | E46: Repudiation
A47: TS-046 | B47: Information Disclosure from Brake | C47: Brake | D47: =FALSE() -> FALSE | E47: Information Disclosure
A48: TS-047 | B48: Denial of Service against Brake: the brake actuator is disabled and cannot brake on request | C48: Brake | D48: =TRUE() -> TRUE | E48: Denial of Service
A49: TS-048 | B49: Elevation of Privilege on Brake | C49: Brake | D49: =FALSE() -> FALSE | E49: Elevation of Privilege
A50: TS-049 | B50: Spoofing of Throttle | C50: Throttle | D50: =FALSE() -> FALSE | E50: Spoofing
A51: TS-050 | B51: Tampering with Throttle: physical or firmware tampering with the throttle actuator causes unintended acceleration | C51: Throttle | D51: =TRUE() -> TRUE | E51: Tampering
A52: TS-051 | B52: Repudiation of Throttle | C52: Throttle | D52: =FALSE() -> FALSE | E52: Repudiation
A53: TS-052 | B53: Information Disclosure from Throttle | C53: Throttle | D53: =FALSE() -> FALSE | E53: Information Disclosure
A54: TS-053 | B54: Denial of Service against Throttle: the throttle actuator is disabled or stuck | C54: Throttle | D54: =TRUE() -> TRUE | E54: Denial of Service
A55: TS-054 | B55: Elevation of Privilege on Throttle | C55: Throttle | D55: =FALSE() -> FALSE | E55: Elevation of Privilege
A56: TS-055 | B56: Spoofing of AEB | C56: AEB | D56: =FALSE() -> FALSE | E56: Spoofing
A57: TS-056 | B57: Tampering with AEB: AEB is tampered with so it brakes without reason or does not brake when needed | C57: AEB | D57: =TRUE() -> TRUE | E57: Tampering
A58: TS-057 | B58: Repudiation of AEB: AEB activations are not reliably recorded and cannot be proven afterwards | C58: AEB | D58: =TRUE() -> TRUE | E58: Repudiation
A59: TS-058 | B59: Information Disclosure from AEB | C59: AEB | D59: =FALSE() -> FALSE | E59: Information Disclosure
A60: TS-059 | B60: Denial of Service against AEB: AEB is unavailable at the moment an emergency stop is needed | C60: AEB | D60: =TRUE() -> TRUE | E60: Denial of Service
A61: TS-060 | B61: Elevation of Privilege on AEB | C61: AEB | D61: =FALSE() -> FALSE | E61: Elevation of Privilege
A62: TS-061 | B62: Spoofing of PM Out → AI In: forged object lists are injected into the AI controller input | C62: PM Out → AI In | D62: =TRUE() -> TRUE | E62: Spoofing
A63: TS-062 | B63: Tampering with PM Out → AI In: object distances or speeds are modified in transit (man in the middle on the bus) | C63: PM Out → AI In | D63: =TRUE() -> TRUE | E63: Tampering
A64: TS-063 | B64: Repudiation of PM Out → AI In | C64: PM Out → AI In | D64: =FALSE() -> FALSE | E64: Repudiation
A65: TS-064 | B65: Information Disclosure from PM Out → AI In: perception data (surroundings, position) is eavesdropped; together with AI Out it supports black-box model extraction | C65: PM Out → AI In | D65: =TRUE() -> TRUE | E65: Information Disclosure
A66: TS-065 | B66: Denial of Service against PM Out → AI In: bus flooding or message suppression starves the AI controller of perception data | C66: PM Out → AI In | D66: =TRUE() -> TRUE | E66: Denial of Service
A67: TS-066 | B67: Elevation of Privilege on PM Out → AI In | C67: PM Out → AI In | D67: =FALSE() -> FALSE | E67: Elevation of Privilege
A68: TS-067 | B68: Spoofing of AI Out → AM In: forged ACC decisions are injected on the bus (e.g. CAN message injection) into the Actuation Module | C68: AI Out → AM In | D68: =TRUE() -> TRUE | E68: Spoofing
A69: TS-068 | B69: Tampering with AI Out → AM In: target speed or acceleration requests are modified in transit | C69: AI Out → AM In | D69: =TRUE() -> TRUE | E69: Tampering
A70: TS-069 | B70: Repudiation of AI Out → AM In | C70: AI Out → AM In | D70: =FALSE() -> FALSE | E70: Repudiation
A71: TS-070 | B71: Information Disclosure from AI Out → AM In: AI decisions are eavesdropped; paired with PM Out data this supports model extraction | C71: AI Out → AM In | D71: =TRUE() -> TRUE | E71: Information Disclosure
A72: TS-071 | B72: Denial of Service against AI Out → AM In: decision messages are blocked or delayed (flooding, bus-off attack) | C72: AI Out → AM In | D72: =TRUE() -> TRUE | E72: Denial of Service
A73: TS-072 | B73: Elevation of Privilege on AI Out → AM In | C73: AI Out → AM In | D73: =FALSE() -> FALSE | E73: Elevation of Privilege
A74: TS-073 | B74: Spoofing of C Out → PM In: fabricated video frames are injected on the camera link | C74: C Out → PM In | D74: =TRUE() -> TRUE | E74: Spoofing
A75: TS-074 | B75: Tampering with C Out → PM In: frames are altered in transit, e.g. an adversarial perturbation added on the link | C75: C Out → PM In | D75: =TRUE() -> TRUE | E75: Tampering
A76: TS-075 | B76: Repudiation of C Out → PM In | C76: C Out → PM In | D76: =FALSE() -> FALSE | E76: Repudiation
A77: TS-076 | B77: Information Disclosure from C Out → PM In: the video stream is intercepted and personal data exposed | C77: C Out → PM In | D77: =TRUE() -> TRUE | E77: Information Disclosure
A78: TS-077 | B78: Denial of Service against C Out → PM In: the camera link is disrupted or cut | C78: C Out → PM In | D78: =TRUE() -> TRUE | E78: Denial of Service
A79: TS-078 | B79: Elevation of Privilege on C Out → PM In | C79: C Out → PM In | D79: =FALSE() -> FALSE | E79: Elevation of Privilege
A80: TS-079 | B80: Spoofing of R Out → PM In: fabricated radar target data is injected on the radar link | C80: R Out → PM In | D80: =TRUE() -> TRUE | E80: Spoofing
A81: TS-080 | B81: Tampering with R Out → PM In: radar target data is modified in transit | C81: R Out → PM In | D81: =TRUE() -> TRUE | E81: Tampering
A82: TS-081 | B82: Repudiation of R Out → PM In | C82: R Out → PM In | D82: =FALSE() -> FALSE | E82: Repudiation
A83: TS-082 | B83: Information Disclosure from R Out → PM In | C83: R Out → PM In | D83: =FALSE() -> FALSE | E83: Information Disclosure
A84: TS-083 | B84: Denial of Service against R Out → PM In: the radar data link is flooded or blocked | C84: R Out → PM In | D84: =TRUE() -> TRUE | E84: Denial of Service
A85: TS-084 | B85: Elevation of Privilege on R Out → PM In | C85: R Out → PM In | D85: =FALSE() -> FALSE | E85: Elevation of Privilege
A86: TS-085 | B86: Spoofing of L Out → PM In: fabricated point cloud data is injected on the LIDAR link | C86: L Out → PM In | D86: =TRUE() -> TRUE | E86: Spoofing
A87: TS-086 | B87: Tampering with L Out → PM In: point cloud data is modified in transit | C87: L Out → PM In | D87: =TRUE() -> TRUE | E87: Tampering
A88: TS-087 | B88: Repudiation of L Out → PM In | C88: L Out → PM In | D88: =FALSE() -> FALSE | E88: Repudiation
A89: TS-088 | B89: Information Disclosure from L Out → PM In | C89: L Out → PM In | D89: =FALSE() -> FALSE | E89: Information Disclosure
A90: TS-089 | B90: Denial of Service against L Out → PM In: the LIDAR data link is flooded or blocked | C90: L Out → PM In | D90: =TRUE() -> TRUE | E90: Denial of Service
A91: TS-090 | B91: Elevation of Privilege on L Out → PM In | C91: L Out → PM In | D91: =FALSE() -> FALSE | E91: Elevation of Privilege
A92: TS-091 | B92: Spoofing of OBU Out → PM In: forged V2X-derived data is injected on the OBU link as if it came from the OBU | C92: OBU Out → PM In | D92: =TRUE() -> TRUE | E92: Spoofing
A93: TS-092 | B93: Tampering with OBU Out → PM In: V2X-derived data is modified in transit | C93: OBU Out → PM In | D93: =TRUE() -> TRUE | E93: Tampering
A94: TS-093 | B94: Repudiation of OBU Out → PM In | C94: OBU Out → PM In | D94: =FALSE() -> FALSE | E94: Repudiation
A95: TS-094 | B95: Information Disclosure from OBU Out → PM In: position and V2X data on the link are exposed | C95: OBU Out → PM In | D95: =TRUE() -> TRUE | E95: Information Disclosure
A96: TS-095 | B96: Denial of Service against OBU Out → PM In: the OBU link is flooded or blocked | C96: OBU Out → PM In | D96: =TRUE() -> TRUE | E96: Denial of Service
A97: TS-096 | B97: Elevation of Privilege on OBU Out → PM In | C97: OBU Out → PM In | D97: =FALSE() -> FALSE | E97: Elevation of Privilege
A98: TS-097 | B98: Spoofing of AM Out → B In: forged brake commands are injected on the actuator link | C98: AM Out → B In | D98: =TRUE() -> TRUE | E98: Spoofing
A99: TS-098 | B99: Tampering with AM Out → B In: brake pressure or deceleration requests are modified in transit | C99: AM Out → B In | D99: =TRUE() -> TRUE | E99: Tampering
A100: TS-099 | B100: Repudiation of AM Out → B In | C100: AM Out → B In | D100: =FALSE() -> FALSE | E100: Repudiation
...

Sheet Rationale
A1: ID | B1: Assets | C1: Asset Type | D1: Category | E1: To Be Assessed | F1: Rationale
A2: TS-001 | B2: AI Controller Module | C2: Software Unit (upper level) | D2: Spoofing | E2: =TRUE() -> TRUE | F2: The controller's output directly commands longitudinal motion, so the receivers must be able to trust where decisions come from.
A3: TS-002 | B3: AI Controller Module | C3: Software Unit (upper level) | D3: Tampering | E3: =TRUE() -> TRUE | F3: Loss of integrity in the decision engine leads straight to unsafe acceleration or braking.
A4: TS-003 | B4: AI Controller Module | C4: Software Unit (upper level) | D4: Repudiation | E4: =TRUE() -> TRUE | F4: AI decisions need a trustworthy log for accident investigation and liability; injected decisions would otherwise go unattributed.
A5: TS-004 | B5: AI Controller Module | C5: Software Unit (upper level) | D5: Information Disclosure | E5: =TRUE() -> TRUE | F5: Protects intellectual property, and a leaked model enables white-box adversarial attacks on the perception inputs.
A6: TS-005 | B6: AI Controller Module | C6: Software Unit (upper level) | D6: Denial of Service | E6: =TRUE() -> TRUE | F6: Losing decisions while driving at speed is safety relevant.
A7: TS-006 | B7: AI Controller Module | C7: Software Unit (upper level) | D7: Elevation of Privilege | E7: =TRUE() -> TRUE | F7: Highest-impact case: full control of longitudinal vehicle control.
A8: TS-007 | B8: Perception Module | C8: Component (lower level) | D8: Spoofing | E8: =TRUE() -> TRUE | F8: The AI controller trusts the object list completely; a fake source can steer every decision.
A9: TS-008 | B9: Perception Module | C9: Component (lower level) | D9: Tampering | E9: =TRUE() -> TRUE | F9: Wrong fused data produces wrong decisions without any sensor being attacked.
A10: TS-009 | B10: Perception Module | C10: Component (lower level) | D10: Repudiation | E10: =FALSE() -> FALSE | F10: The module produces data, not attributable actions; traceability of decisions is handled at the AI Controller.
A11: TS-010 | B11: Perception Module | C11: Component (lower level) | D11: Information Disclosure | E11: =TRUE() -> TRUE | F11: Holds personal data (bystanders, plates, location), which is relevant under data protection rules.
A12: TS-011 | B12: Perception Module | C12: Component (lower level) | D12: Denial of Service | E12: =TRUE() -> TRUE | F12: Late or missing perception data leaves the AI controller blind.
A13: TS-012 | B13: Perception Module | C13: Component (lower level) | D13: Elevation of Privilege | E13: =TRUE() -> TRUE | F13: It is a software component with network connections, so a compromise can spread.
A14: TS-013 | B14: Camera | C14: Sensor | D14: Spoofing | E14: =TRUE() -> TRUE | F14: A known attack class against AI-based vision; it needs no access to the vehicle.
A15: TS-014 | B15: Camera | C15: Sensor | D15: Tampering | E15: =TRUE() -> TRUE | F15: Changes what the perception chain sees at the source.
A16: TS-015 | B16: Camera | C16: Sensor | D16: Repudiation | E16: =FALSE() -> FALSE | F16: A fixed-function sensor performs no actions that need attribution.
A17: TS-016 | B17: Camera | C17: Sensor | D17: Information Disclosure | E17: =TRUE() -> TRUE | F17: Video contains personal data about bystanders, plates and routes.
A18: TS-017 | B18: Camera | C18: Sensor | D18: Denial of Service | E18: =TRUE() -> TRUE | F18: Easy to perform and removes a primary input.
A19: TS-018 | B19: Camera | C19: Sensor | D19: Elevation of Privilege | E19: =FALSE() -> FALSE | F19: A fixed-function sensor has no privilege model to escalate within.
A20: TS-019 | B20: Radar | C20: Sensor | D20: Spoofing | E20: =TRUE() -> TRUE | F20: Directly affects the distance-keeping function ACC depends on.
A21: TS-020 | B21: Radar | C21: Sensor | D21: Tampering | E21: =TRUE() -> TRUE | F21: Biased range or angle readings shift every following decision.
A22: TS-021 | B22: Radar | C22: Sensor | D22: Repudiation | E22: =FALSE() -> FALSE | F22: A fixed-function sensor performs no actions that need attribution.
A23: TS-022 | B23: Radar | C23: Sensor | D23: Information Disclosure | E23: =FALSE() -> FALSE | F23: Radar returns carry no confidential or personal information of value.
A24: TS-023 | B24: Radar | C24: Sensor | D24: Denial of Service | E24: =TRUE() -> TRUE | F24: Loss of the main ranging sensor for ACC.
A25: TS-024 | B25: Radar | C25: Sensor | D25: Elevation of Privilege | E25: =FALSE() -> FALSE | F25: A fixed-function sensor has no privilege model to escalate within.
A26: TS-025 | B26: LIDAR | C26: Sensor | D26: Spoofing | E26: =TRUE() -> TRUE | F26: Demonstrated attack class; can trigger phantom braking.
A27: TS-026 | B27: LIDAR | C27: Sensor | D27: Tampering | E27: =TRUE() -> TRUE | F27: Corrupts 3D object detection at the source.
A28: TS-027 | B28: LIDAR | C28: Sensor | D28: Repudiation | E28: =FALSE() -> FALSE | F28: A fixed-function sensor performs no actions that need attribution.
A29: TS-028 | B29: LIDAR | C29: Sensor | D29: Information Disclosure | E29: =FALSE() -> FALSE | F29: Raw point clouds carry little confidential value.
A30: TS-029 | B30: LIDAR | C30: Sensor | D30: Denial of Service | E30: =TRUE() -> TRUE | F30: Loss of a ranging input.
A31: TS-030 | B31: LIDAR | C31: Sensor | D31: Elevation of Privilege | E31: =FALSE() -> FALSE | F31: A fixed-function sensor has no privilege model to escalate within.
A32: TS-031 | B32: OBU | C32: Hardware Part (V2X on-board unit) | D32: Spoofing | E32: =TRUE() -> TRUE | F32: Remote attack that needs no physical access; V2X data feeds perception directly.
A33: TS-032 | B33: OBU | C33: Hardware Part (V2X on-board unit) | D33: Tampering | E33: =TRUE() -> TRUE | F33: A compromised OBU can alter what the rest of the system believes about traffic ahead.
A34: TS-033 | B34: OBU | C34: Hardware Part (V2X on-board unit) | D34: Repudiation | E34: =TRUE() -> TRUE | F34: V2X relies on signed messages for attribution and misbehaviour reporting.
A35: TS-034 | B35: OBU | C35: Hardware Part (V2X on-board unit) | D35: Information Disclosure | E35: =TRUE() -> TRUE | F35: Location privacy and credential protection.
A36: TS-035 | B36: OBU | C36: Hardware Part (V2X on-board unit) | D36: Denial of Service | E36: =TRUE() -> TRUE | F36: Removes cooperative information and can overload processing.
A37: TS-036 | B37: OBU | C37: Hardware Part (V2X on-board unit) | D37: Elevation of Privilege | E37: =TRUE() -> TRUE | F37: The OBU is the only externally reachable interface in the model, so it is the main remote entry point.
A38: TS-037 | B38: Actuation Module | C38: Component (lower level) | D38: Spoofing | E38: =TRUE() -> TRUE | F38: Actuators trust this module as the only command source.
A39: TS-038 | B39: Actuation Module | C39: Component (lower level) | D39: Tampering | E39: =TRUE() -> TRUE | F39: Could remove safety limits on acceleration or deceleration.
A40: TS-039 | B40: Actuation Module | C40: Component (lower level) | D40: Repudiation | E40: =FALSE() -> FALSE | F40: Executes commands decided upstream; attribution is handled at the AI Controller.
A41: TS-040 | B41: Actuation Module | C41: Component (lower level) | D41: Information Disclosure | E41: =FALSE() -> FALSE | F41: Actuation data has little confidential value.
A42: TS-041 | B42: Actuation Module | C42: Component (lower level) | D42: Denial of Service | E42: =TRUE() -> TRUE | F42: The vehicle can no longer follow ACC decisions.
A43: TS-042 | B43: Actuation Module | C43: Component (lower level) | D43: Elevation of Privilege | E43: =TRUE() -> TRUE | F43: Bypasses the AI decision layer entirely.
A44: TS-043 | B44: Brake | C44: Actuator | D44: Spoofing | E44: =FALSE() -> FALSE | F44: The brake has no outgoing interface in the model; forged commands to it are covered by AM Out → B In.
A45: TS-044 | B45: Brake | C45: Actuator | D45: Tampering | E45: =TRUE() -> TRUE | F45: Braking is the most safety-critical actuation.
A46: TS-045 | B46: Brake | C46: Actuator | D46: Repudiation | E46: =FALSE() -> FALSE | F46: An actuator performs commanded actions only; there is nothing to attribute at this level.
A47: TS-046 | B47: Brake | C47: Actuator | D47: Information Disclosure | E47: =FALSE() -> FALSE | F47: Holds no confidential data.
A48: TS-047 | B48: Brake | C48: Actuator | D48: Denial of Service | E48: =TRUE() -> TRUE | F48: Loss of deceleration capability.
A49: TS-048 | B49: Brake | C49: Actuator | D49: Elevation of Privilege | E49: =FALSE() -> FALSE | F49: A fixed-function actuator has no privilege model to escalate within.
A50: TS-049 | B50: Throttle | C50: Actuator | D50: Spoofing | E50: =FALSE() -> FALSE | F50: The throttle has no outgoing interface in the model; forged commands to it are covered by AM Out → T In.
A51: TS-050 | B51: Throttle | C51: Actuator | D51: Tampering | E51: =TRUE() -> TRUE | F51: Unintended acceleration is directly hazardous.
A52: TS-051 | B52: Throttle | C52: Actuator | D52: Repudiation | E52: =FALSE() -> FALSE | F52: An actuator performs commanded actions only; there is nothing to attribute at this level.
A53: TS-052 | B53: Throttle | C53: Actuator | D53: Information Disclosure | E53: =FALSE() -> FALSE | F53: Holds no confidential data.
A54: TS-053 | B54: Throttle | C54: Actuator | D54: Denial of Service | E54: =TRUE() -> TRUE | F54: Loss or freezing of acceleration control.
A55: TS-054 | B55: Throttle | C55: Actuator | D55: Elevation of Privilege | E55: =FALSE() -> FALSE | F55: A fixed-function actuator has no privilege model to escalate within.
A56: TS-055 | B56: AEB | C56: Hardware Part | D56: Spoofing | E56: =FALSE() -> FALSE | F56: AEB has no outgoing interface in the model; forged triggers are covered by AM Out → AEB In.
A57: TS-056 | B57: AEB | C57: Hardware Part | D57: Tampering | E57: =TRUE() -> TRUE | F57: Both outcomes are hazardous (rear-end collision or missed emergency stop).
A58: TS-057 | B58: AEB | C58: Hardware Part | D58: Repudiation | E58: =TRUE() -> TRUE | F58: Emergency braking events are key evidence for accident reconstruction and liability.
A59: TS-058 | B59: AEB | C59: Hardware Part | D59: Information Disclosure | E59: =FALSE() -> FALSE | F59: Holds no confidential data.
A60: TS-059 | B60: AEB | C60: Hardware Part | D60: Denial of Service | E60: =TRUE() -> TRUE | F60: Removes the last safety barrier.
A61: TS-060 | B61: AEB | C61: Hardware Part | D61: Elevation of Privilege | E61: =FALSE() -> FALSE | F61: Modelled as a hardware part with no privilege model to escalate within.
A62: TS-061 | B62: PM Out → AI In | C62: Connection (perception data to AI controller) | D62: Spoofing | E62: =TRUE() -> TRUE | F62: The AI controller cannot tell forged object data from real data unless messages are authenticated.
A63: TS-062 | B63: PM Out → AI In | C63: Connection (perception data to AI controller) | D63: Tampering | E63: =TRUE() -> TRUE | F63: Shifts the AI's view of traffic without touching sensors.
A64: TS-063 | B64: PM Out → AI In | C64: Connection (perception data to AI controller) | D64: Repudiation | E64: =FALSE() -> FALSE | F64: A data flow performs no actions; attribution belongs to its endpoints.
A65: TS-064 | B65: PM Out → AI In | C65: Connection (perception data to AI controller) | D65: Information Disclosure | E65: =TRUE() -> TRUE | F65: Input side of the AI model plus personal data.
A66: TS-065 | B66: PM Out → AI In | C66: Connection (perception data to AI controller) | D66: Denial of Service | E66: =TRUE() -> TRUE | F66: The controller decides on stale or missing data.
A67: TS-066 | B67: PM Out → AI In | C67: Connection (perception data to AI controller) | D67: Elevation of Privilege | E67: =FALSE() -> FALSE | F67: A data flow has no privilege context.
A68: TS-067 | B68: AI Out → AM In | C68: Connection (decisions to actuation) | D68: Spoofing | E68: =TRUE() -> TRUE | F68: The classic in-vehicle attack on ACC; directly controls speed.
A69: TS-068 | B69: AI Out → AM In | C69: Connection (decisions to actuation) | D69: Tampering | E69: =TRUE() -> TRUE | F69: Changes vehicle behaviour while the AI output looks correct.
A70: TS-069 | B70: AI Out → AM In | C70: Connection (decisions to actuation) | D70: Repudiation | E70: =FALSE() -> FALSE | F70: A data flow performs no actions; attribution belongs to its endpoints.
A71: TS-070 | B71: AI Out → AM In | C71: Connection (decisions to actuation) | D71: Information Disclosure | E71: =TRUE() -> TRUE | F71: Output side of the AI model.
A72: TS-071 | B72: AI Out → AM In | C72: Connection (decisions to actuation) | D72: Denial of Service | E72: =TRUE() -> TRUE | F72: Actuation stops receiving decisions.
A73: TS-072 | B73: AI Out → AM In | C73: Connection (decisions to actuation) | D73: Elevation of Privilege | E73: =FALSE() -> FALSE | F73: A data flow has no privilege context.
A74: TS-073 | B74: C Out → PM In | C74: Connection (camera to perception) | D74: Spoofing | E74: =TRUE() -> TRUE | F74: Replaces the real scene without any visible attack on the road.
A75: TS-074 | B75: C Out → PM In | C75: Connection (camera to perception) | D75: Tampering | E75: =TRUE() -> TRUE | F75: Targets the AI vision model with pixel-level changes.
A76: TS-075 | B76: C Out → PM In | C76: Connection (camera to perception) | D76: Repudiation | E76: =FALSE() -> FALSE | F76: A data flow performs no actions; attribution belongs to its endpoints.
A77: TS-076 | B77: C Out → PM In | C77: Connection (camera to perception) | D77: Information Disclosure | E77: =TRUE() -> TRUE | F77: Imagery of bystanders, plates and routes.
A78: TS-077 | B78: C Out → PM In | C78: Connection (camera to perception) | D78: Denial of Service | E78: =TRUE() -> TRUE | F78: Perception loses vision input.
A79: TS-078 | B79: C Out → PM In | C79: Connection (camera to perception) | D79: Elevation of Privilege | E79: =FALSE() -> FALSE | F79: A data flow has no privilege context.
A80: TS-079 | B80: R Out → PM In | C80: Connection (radar to perception) | D80: Spoofing | E80: =TRUE() -> TRUE | F80: Fake targets reach fusion without any RF attack.
A81: TS-080 | B81: R Out → PM In | C81: Connection (radar to perception) | D81: Tampering | E81: =TRUE() -> TRUE | F81: Alters range and relative speed used for distance keeping.
A82: TS-081 | B82: R Out → PM In | C82: Connection (radar to perception) | D82: Repudiation | E82: =FALSE() -> FALSE | F82: A data flow performs no actions; attribution belongs to its endpoints.
A83: TS-082 | B83: R Out → PM In | C83: Connection (radar to perception) | D83: Information Disclosure | E83: =FALSE() -> FALSE | F83: Radar target data carries no confidential value.
A84: TS-083 | B84: R Out → PM In | C84: Connection (radar to perception) | D84: Denial of Service | E84: =TRUE() -> TRUE | F84: Loss of the main ranging input.
A85: TS-084 | B85: R Out → PM In | C85: Connection (radar to perception) | D85: Elevation of Privilege | E85: =FALSE() -> FALSE | F85: A data flow has no privilege context.
A86: TS-085 | B86: L Out → PM In | C86: Connection (LIDAR to perception) | D86: Spoofing | E86: =TRUE() -> TRUE | F86: Fake obstacles reach fusion.
A87: TS-086 | B87: L Out → PM In | C87: Connection (LIDAR to perception) | D87: Tampering | E87: =TRUE() -> TRUE | F87: Distorts 3D object detection.
A88: TS-087 | B88: L Out → PM In | C88: Connection (LIDAR to perception) | D88: Repudiation | E88: =FALSE() -> FALSE | F88: A data flow performs no actions; attribution belongs to its endpoints.
A89: TS-088 | B89: L Out → PM In | C89: Connection (LIDAR to perception) | D89: Information Disclosure | E89: =FALSE() -> FALSE | F89: Point cloud data carries little confidential value.
A90: TS-089 | B90: L Out → PM In | C90: Connection (LIDAR to perception) | D90: Denial of Service | E90: =TRUE() -> TRUE | F90: Loss of a ranging input.
A91: TS-090 | B91: L Out → PM In | C91: Connection (LIDAR to perception) | D91: Elevation of Privilege | E91: =FALSE() -> FALSE | F91: A data flow has no privilege context.
A92: TS-091 | B92: OBU Out → PM In | C92: Connection (V2X data to perception) | D92: Spoofing | E92: =TRUE() -> TRUE | F92: Bypasses V2X signature checks done inside the OBU.
A93: TS-092 | B93: OBU Out → PM In | C93: Connection (V2X data to perception) | D93: Tampering | E93: =TRUE() -> TRUE | F93: Alters cooperative information about traffic ahead.
A94: TS-093 | B94: OBU Out → PM In | C94: Connection (V2X data to perception) | D94: Repudiation | E94: =FALSE() -> FALSE | F94: A data flow performs no actions; attribution belongs to its endpoints.
A95: TS-094 | B95: OBU Out → PM In | C95: Connection (V2X data to perception) | D95: Information Disclosure | E95: =TRUE() -> TRUE | F95: Location privacy.
A96: TS-095 | B96: OBU Out → PM In | C96: Connection (V2X data to perception) | D96: Denial of Service | E96: =TRUE() -> TRUE | F96: Loss of cooperative information.
A97: TS-096 | B97: OBU Out → PM In | C97: Connection (V2X data to perception) | D97: Elevation of Privilege | E97: =FALSE() -> FALSE | F97: A data flow has no privilege context.
A98: TS-097 | B98: AM Out → B In | C98: Connection (brake command) | D98: Spoofing | E98: =TRUE() -> TRUE | F98: Can cause phantom braking or cancel braking.
A99: TS-098 | B99: AM Out → B In | C99: Connection (brake command) | D99: Tampering | E99: =TRUE() -> TRUE | F99: Too little or too much braking.
A100: TS-099 | B100: AM Out → B In | C100: Connection (brake command) | D100: Repudiation | E100: =FALSE() -> FALSE | F100: A data flow performs no actions; attribution belongs to its endpoints.
...

Sheet Summary
A1: TARA of AI-based ACC - AI engine run (STRIDE)
A3: STRIDE category | B3: Security property | C3: To Be Assessed = TRUE | D3: FALSE | E3: Total
A4: Spoofing | B4: Authenticity | C4: =COUNTIFS('Threat Scenarios'!$E$2:$E$115,A4,'Threat Scenarios'!$D$2:$D$115,TRUE()) -> 16 | D4: =COUNTIFS('Threat Scenarios'!$E$2:$E$115,A4,'Threat Scenarios'!$D$2:$D$115,FALSE()) -> 3 | E4: =C4+D4 -> 19
A5: Tampering | B5: Integrity | C5: =COUNTIFS('Threat Scenarios'!$E$2:$E$115,A5,'Threat Scenarios'!$D$2:$D$115,TRUE()) -> 19 | D5: =COUNTIFS('Threat Scenarios'!$E$2:$E$115,A5,'Threat Scenarios'!$D$2:$D$115,FALSE()) -> 0 | E5: =C5+D5 -> 19
A6: Repudiation | B6: Non-repudiation | C6: =COUNTIFS('Threat Scenarios'!$E$2:$E$115,A6,'Threat Scenarios'!$D$2:$D$115,TRUE()) -> 3 | D6: =COUNTIFS('Threat Scenarios'!$E$2:$E$115,A6,'Threat Scenarios'!$D$2:$D$115,FALSE()) -> 16 | E6: =C6+D6 -> 19
A7: Information Disclosure | B7: Confidentiality | C7: =COUNTIFS('Threat Scenarios'!$E$2:$E$115,A7,'Threat Scenarios'!$D$2:$D$115,TRUE()) -> 8 | D7: =COUNTIFS('Threat Scenarios'!$E$2:$E$115,A7,'Threat Scenarios'!$D$2:$D$115,FALSE()) -> 11 | E7: =C7+D7 -> 19
A8: Denial of Service | B8: Availability | C8: =COUNTIFS('Threat Scenarios'!$E$2:$E$115,A8,'Threat Scenarios'!$D$2:$D$115,TRUE()) -> 19 | D8: =COUNTIFS('Threat Scenarios'!$E$2:$E$115,A8,'Threat Scenarios'!$D$2:$D$115,FALSE()) -> 0 | E8: =C8+D8 -> 19
A9: Elevation of Privilege | B9: Authorization | C9: =COUNTIFS('Threat Scenarios'!$E$2:$E$115,A9,'Threat Scenarios'!$D$2:$D$115,TRUE()) -> 4 | D9: =COUNTIFS('Threat Scenarios'!$E$2:$E$115,A9,'Threat Scenarios'!$D$2:$D$115,FALSE()) -> 15 | E9: =C9+D9 -> 19
A10: Total | C10: =SUM(C4:C9) -> 69 | D10: =SUM(D4:D9) -> 45 | E10: =SUM(E4:E9) -> 114
A12: Asset | B12: Asset type | C12: To Be Assessed = TRUE | D12: Total
A13: AI Controller Module | B13: Software Unit (upper level) | C13: =COUNTIFS('Threat Scenarios'!$C$2:$C$115,A13,'Threat Scenarios'!$D$2:$D$115,TRUE()) -> 6 | D13: =COUNTIF('Threat Scenarios'!$C$2:$C$115,A13) -> 6
A14: Perception Module | B14: Component (lower level) | C14: =COUNTIFS('Threat Scenarios'!$C$2:$C$115,A14,'Threat Scenarios'!$D$2:$D$115,TRUE()) -> 5 | D14: =COUNTIF('Threat Scenarios'!$C$2:$C$115,A14) -> 6
A15: Camera | B15: Sensor | C15: =COUNTIFS('Threat Scenarios'!$C$2:$C$115,A15,'Threat Scenarios'!$D$2:$D$115,TRUE()) -> 4 | D15: =COUNTIF('Threat Scenarios'!$C$2:$C$115,A15) -> 6
A16: Radar | B16: Sensor | C16: =COUNTIFS('Threat Scenarios'!$C$2:$C$115,A16,'Threat Scenarios'!$D$2:$D$115,TRUE()) -> 3 | D16: =COUNTIF('Threat Scenarios'!$C$2:$C$115,A16) -> 6
A17: LIDAR | B17: Sensor | C17: =COUNTIFS('Threat Scenarios'!$C$2:$C$115,A17,'Threat Scenarios'!$D$2:$D$115,TRUE()) -> 3 | D17: =COUNTIF('Threat Scenarios'!$C$2:$C$115,A17) -> 6
A18: OBU | B18: Hardware Part (V2X on-board unit) | C18: =COUNTIFS('Threat Scenarios'!$C$2:$C$115,A18,'Threat Scenarios'!$D$2:$D$115,TRUE()) -> 6 | D18: =COUNTIF('Threat Scenarios'!$C$2:$C$115,A18) -> 6
A19: Actuation Module | B19: Component (lower level) | C19: =COUNTIFS('Threat Scenarios'!$C$2:$C$115,A19,'Threat Scenarios'!$D$2:$D$115,TRUE()) -> 4 | D19: =COUNTIF('Threat Scenarios'!$C$2:$C$115,A19) -> 6
A20: Brake | B20: Actuator | C20: =COUNTIFS('Threat Scenarios'!$C$2:$C$115,A20,'Threat Scenarios'!$D$2:$D$115,TRUE()) -> 2 | D20: =COUNTIF('Threat Scenarios'!$C$2:$C$115,A20) -> 6
A21: Throttle | B21: Actuator | C21: =COUNTIFS('Threat Scenarios'!$C$2:$C$115,A21,'Threat Scenarios'!$D$2:$D$115,TRUE()) -> 2 | D21: =COUNTIF('Threat Scenarios'!$C$2:$C$115,A21) -> 6
A22: AEB | B22: Hardware Part | C22: =COUNTIFS('Threat Scenarios'!$C$2:$C$115,A22,'Threat Scenarios'!$D$2:$D$115,TRUE()) -> 3 | D22: =COUNTIF('Threat Scenarios'!$C$2:$C$115,A22) -> 6
A23: PM Out → AI In | B23: Connection (perception data to AI controller) | C23: =COUNTIFS('Threat Scenarios'!$C$2:$C$115,A23,'Threat Scenarios'!$D$2:$D$115,TRUE()) -> 4 | D23: =COUNTIF('Threat Scenarios'!$C$2:$C$115,A23) -> 6
A24: AI Out → AM In | B24: Connection (decisions to actuation) | C24: =COUNTIFS('Threat Scenarios'!$C$2:$C$115,A24,'Threat Scenarios'!$D$2:$D$115,TRUE()) -> 4 | D24: =COUNTIF('Threat Scenarios'!$C$2:$C$115,A24) -> 6
... A31: AM Out → AEB In | B31: Connection (AEB trigger) | C31: =COUNTIFS('Threat Scenarios'!$C$2:$C$115,A31,'Threat Scenarios'!$D$2:$D$115,TRUE()) -> 3 | D31: =COUNTIF('Threat Scenarios'!$C$2:$C$115,A31) -> 6
A33: Method notes
A34: Scope: the elements of the medini analyze model (10 components, sensors, actuators and hardware parts, plus the 9 connections between them), so each row can be matched 1:1 with the medini output.
A35: Every asset gets one row per STRIDE category. To Be Assessed = TRUE means the threat is credible for that element and should go on to impact and attack feasibility rating; FALSE means it does not apply (reason on the Rationale sheet).
A36: STRIDE to security property: Spoofing - Authenticity, Tampering - Integrity, Repudiation - Non-repudiation, Information Disclosure - Confidentiality, Denial of Service - Availability, Elevation of Privilege - Authorization.
A37: Applicability rule used: processing components can face all six categories; fixed-function sensors and actuators have no privilege model (no Elevation of Privilege) and perform no attributable actions (no Repudiation); connections are assessed for Spoofing, Tampering, Information Disclosure and Denial of Service. Deliberate exceptions: the OBU gets all six because it is the external wireless entry point, and AEB keeps Repudiation because emergency braking events must be provable afterwards.
A38: Not modelled in medini, so kept out of this table: the Continuous Vehicle Dynamics Monitoring Module and its feedback loop, and the direct Perception to Actuation link shown in the general architecture.
A39: IDs (TS-001 ...) are this run's own numbering. Match rows to medini by Assets + Category.
